,Leadferret Industry,Metadata Indsutry,count
0,ACCOUNTING, MEDIA,1
1,ACCOUNTING,ACCOUNTING,16
2,ACCOUNTING,AEROSPACE AND DEFENSE,1
3,ACCOUNTING,BANKING,1
4,ACCOUNTING,COMMUNICATIONS EQUIPMENT,4
5,ACCOUNTING,DIVERSIFIED CONSUMER SERVICES,3
6,ACCOUNTING,DIVERSIFIED FINANCIAL SERVICES,20
7,ACCOUNTING,FOOD AND BEVERAGES,1
8,ACCOUNTING,FOOD PRODUCTS,1
9,ACCOUNTING,GAS UTILITIES,1
10,ACCOUNTING,GOVERNMENT ADMINISTRATION,1
11,ACCOUNTING,HEALTH CARE PROVIDERS AND SERVICES,1
12,ACCOUNTING,HOSPITAL AND HEALTH CARE,1
13,ACCOUNTING,INSURANCE,2
14,ACCOUNTING,INTERNET SOFTWARE AND SERVICES,4
15,ACCOUNTING,LEGAL SERVICES,1
16,ACCOUNTING,PHARMACEUTICALS,1
17,ACCOUNTING,PROFESSIONAL SERVICES,6
18,ACCOUNTING,RETAIL,1
19,ACCOUNTING,SPECIALIZED CONSUMER SERVICES,1
20,ACCOUNTING,SPECIALTY RETAIL,1
21,ACCOUNTING,TELECOMMUNICATIONS,1
22,ACCOUNTING,WIRELESS TELECOMMUNICATION SERVICES,1
23,AIRLINES/AVIATION,AEROSPACE AND DEFENSE,4
24,AIRLINES/AVIATION,AIRLINES,24
25,AIRLINES/AVIATION,AIRLINES/AVIATION,49
26,AIRLINES/AVIATION,AUTOMOTIVE,1
27,AIRLINES/AVIATION,AVIATION AND AEROSPACE,1
28,AIRLINES/AVIATION,COMPUTER SOFTWARE,1
29,AIRLINES/AVIATION,FINANCIAL SERVICES,1
30,AIRLINES/AVIATION,GAS UTILITIES,1
31,AIRLINES/AVIATION,GOVERNMENT ADMINISTRATION,1
32,AIRLINES/AVIATION,"HOTELS, RESTAURANTS AND LEISURE",3
33,AIRLINES/AVIATION,INTERNET SOFTWARE AND SERVICES,2
34,AIRLINES/AVIATION,"LEISURE, TRAVEL AND TOURISM",1
35,AIRLINES/AVIATION,METALS AND MINING,1
36,AIRLINES/AVIATION,PHARMACEUTICALS,1
37,AIRLINES/AVIATION,REAL ESTATE,1
38,ALTERNATIVE DISPUTE RESOLUTION,ALTERNATIVE DISPUTE RESOLUTION,1
39,ALTERNATIVE DISPUTE RESOLUTION,BUILDING MATERIALS,1
40,ALTERNATIVE DISPUTE RESOLUTION,SPECIALIZED CONSUMER SERVICES,1
41,ALTERNATIVE MEDICINE,"HEALTH, WELLNESS AND FITNESS",1
42,ANIMATION,ANIMATION,1
43,ANIMATION,COMPUTER SOFTWARE,1
44,ANIMATION,INTERNET SOFTWARE AND SERVICES,1
45,ANIMATION,MEDIA,4
46,APPAREL AND FASHION,AEROSPACE AND DEFENSE,1
47,APPAREL AND FASHION,APPAREL AND FASHION,39
48,APPAREL AND FASHION,BANKS,1
49,APPAREL AND FASHION,CAPITAL MARKETS,1
50,APPAREL AND FASHION,COMMUNICATIONS EQUIPMENT,1
51,APPAREL AND FASHION,CONSTRUCTION AND ENGINEERING,1
52,APPAREL AND FASHION,EDUCATION SERVICES,1
53,APPAREL AND FASHION,HEALTH CARE EQUIPMENT AND SUPPLIES,2
54,APPAREL AND FASHION,HIGHER EDUCATION,1
55,APPAREL AND FASHION,"HOTELS, RESTAURANTS AND LEISURE",2
56,APPAREL AND FASHION,INTERNET SOFTWARE AND SERVICES,4
57,APPAREL AND FASHION,LOGISTICS AND SUPPLY CHAIN,1
58,APPAREL AND FASHION,MEDICAL DEVICES,1
59,APPAREL AND FASHION,PHARMACEUTICALS,1
60,APPAREL AND FASHION,PROFESSIONAL SERVICES,1
61,APPAREL AND FASHION,RETAIL,2
62,APPAREL AND FASHION,"TEXTILES, APPAREL AND LUXURY GOODS",58
63,ARCHITECTURE AND PLANNING,ARCHITECTURE AND PLANNING,2
64,ARCHITECTURE AND PLANNING,AUTOMOTIVE,1
65,ARCHITECTURE AND PLANNING,COMMUNICATIONS EQUIPMENT,2
66,ARCHITECTURE AND PLANNING,CONSTRUCTION,1
67,ARCHITECTURE AND PLANNING,CONSTRUCTION AND ENGINEERING,2
68,ARCHITECTURE AND PLANNING,EDUCATION SERVICES,1
69,ARCHITECTURE AND PLANNING,FINANCIAL SERVICES,1
70,ARCHITECTURE AND PLANNING,FOOD AND STAPLES RETAILING,1
71,ARCHITECTURE AND PLANNING,INTERNET SOFTWARE AND SERVICES,1
72,ARCHITECTURE AND PLANNING,PROFESSIONAL SERVICES,9
73,ARTS AND CRAFTS,ARTS AND CRAFTS,1
74,ARTS AND CRAFTS,GOVERNMENT ADMINISTRATION,1
75,ARTS AND CRAFTS,INTERNET SOFTWARE AND SERVICES,1
76,ARTS AND CRAFTS,METALS AND MINING,1
77,ARTS AND CRAFTS,RETAIL,1
78,ARTS AND CRAFTS,"TEXTILES, APPAREL AND LUXURY GOODS",1
79,AUTOMOTIVE,AEROSPACE AND DEFENSE,1
80,AUTOMOTIVE,AUTOMOTIVE,144
81,AUTOMOTIVE,BROADCAST MEDIA,1
82,AUTOMOTIVE,COMMUNICATIONS EQUIPMENT,1
83,AUTOMOTIVE,COMPUTER SOFTWARE,1
84,AUTOMOTIVE,CONSTRUCTION AND ENGINEERING,1
85,AUTOMOTIVE,DIVERSIFIED CONSUMER SERVICES,1
86,AUTOMOTIVE,FOOD AND STAPLES RETAILING,1
87,AUTOMOTIVE,FOOD PRODUCTS,1
88,AUTOMOTIVE,"HOTELS, RESTAURANTS AND LEISURE",1
89,AUTOMOTIVE,HOUSEHOLD DURABLES,1
90,AUTOMOTIVE,INDUSTRIAL CONGLOMERATES,2
91,AUTOMOTIVE,INSURANCE,1
92,AUTOMOTIVE,INTERNET SOFTWARE AND SERVICES,2
93,AUTOMOTIVE,MACHINERY,3
94,AUTOMOTIVE,MANAGEMENT CONSULTING,1
95,AUTOMOTIVE,MARKETING AND ADVERTISING,1
96,AUTOMOTIVE,MECHANICAL OR INDUSTRIAL ENGINEERING,3
97,AUTOMOTIVE,MEDICAL DEVICES,1
98,AUTOMOTIVE,METALS AND MINING,1
99,AUTOMOTIVE,PROFESSIONAL SERVICES,1
100,AUTOMOTIVE,PUBLISHING,1
101,AUTOMOTIVE,"TECHNOLOGY HARDWARE, STORAGE AND PERIPHERALS",1
102,AUTOMOTIVE,"TEXTILES, APPAREL AND LUXURY GOODS",1
103,AUTOMOTIVE,TRANSPORTATION,2
104,AVIATION AND AEROSPACE,AEROSPACE AND DEFENSE,10
105,AVIATION AND AEROSPACE,AIRLINES,2
106,AVIATION AND AEROSPACE,AIRLINES/AVIATION,1
107,AVIATION AND AEROSPACE,AVIATION AND AEROSPACE,14
108,AVIATION AND AEROSPACE,COMMERCIAL SERVICES AND SUPPLIES,1
109,AVIATION AND AEROSPACE,DIVERSIFIED CONSUMER SERVICES,2
110,AVIATION AND AEROSPACE,ELECTRICAL/ELECTRONIC MANUFACTURING,1
111,AVIATION AND AEROSPACE,INTERNET SOFTWARE AND SERVICES,3
112,AVIATION AND AEROSPACE,LOGISTICS AND SUPPLY CHAIN,1
113,AVIATION AND AEROSPACE,METALS AND MINING,2
114,AVIATION AND AEROSPACE,PROFESSIONAL SERVICES,1
115,BANKING,BANKING,130
116,BANKING,BANKS,43
117,BANKING,CAPITAL MARKETS,1
118,BANKING,COMPUTER SOFTWARE,1
119,BANKING,DIVERSIFIED FINANCIAL SERVICES,40
120,BANKING,FINANCIAL SERVICES,3
121,BANKING,GAS UTILITIES,1
122,BANKING,HOUSEHOLD DURABLES,1
123,BANKING,INSURANCE,1
124,BANKING,INTERNET SOFTWARE AND SERVICES,3
125,BANKING,INVESTMENT BANKING,1
126,BANKING,MEDIA,1
127,BANKING,"TEXTILES, APPAREL AND LUXURY GOODS",1
128,BANKING,TRANSPORTATION,1
129,BIOTECHNOLOGY,AEROSPACE AND DEFENSE,1
130,BIOTECHNOLOGY,BANKS,1
131,BIOTECHNOLOGY,BIOTECHNOLOGY,48
132,BIOTECHNOLOGY,CHEMICALS,3
133,BIOTECHNOLOGY,EDUCATION SERVICES,1
134,BIOTECHNOLOGY,ELECTRICAL EQUIPMENT,1
135,BIOTECHNOLOGY,FOOD AND STAPLES RETAILING,1
136,BIOTECHNOLOGY,FOOD PRODUCTION,1
137,BIOTECHNOLOGY,FOOD PRODUCTS,1
138,BIOTECHNOLOGY,HEALTH CARE PROVIDERS AND SERVICES,3
139,BIOTECHNOLOGY,HOSPITAL AND HEALTH CARE,1
140,BIOTECHNOLOGY,INDUSTRIAL CONGLOMERATES,2
141,BIOTECHNOLOGY,INTERNET SOFTWARE AND SERVICES,2
142,BIOTECHNOLOGY,MANAGEMENT CONSULTING,1
143,BIOTECHNOLOGY,MARKETING AND ADVERTISING,1
144,BIOTECHNOLOGY,PERSONAL PRODUCTS,1
145,BIOTECHNOLOGY,PHARMACEUTICALS,23
146,BIOTECHNOLOGY,SPECIALIZED CONSUMER SERVICES,1
147,BIOTECHNOLOGY,TRANSPORTATION,1
148,BIOTECHNOLOGY,UTILITIES,1
149,BROADCAST MEDIA,BROADCAST MEDIA,29
150,BROADCAST MEDIA,COMMUNICATIONS EQUIPMENT,5
151,BROADCAST MEDIA,COMPUTER SOFTWARE,1
152,BROADCAST MEDIA,DIVERSIFIED TELECOMMUNICATION SERVICES,5
153,BROADCAST MEDIA,INTERNET SOFTWARE AND SERVICES,3
154,BROADCAST MEDIA,LEISURE PRODUCTS,1
155,BROADCAST MEDIA,MEDIA,21
156,BROADCAST MEDIA,MEDIA PRODUCTION,2
157,BUILDING MATERIALS,AUTOMOTIVE,1
158,BUILDING MATERIALS,BUILDING MATERIALS,38
159,BUILDING MATERIALS,CHEMICALS,3
160,BUILDING MATERIALS,CONSTRUCTION,2
161,BUILDING MATERIALS,CONSTRUCTION AND ENGINEERING,1
162,BUILDING MATERIALS,DIVERSIFIED CONSUMER SERVICES,3
163,BUILDING MATERIALS,ELECTRICAL EQUIPMENT,1
164,BUILDING MATERIALS,ENVIRONMENTAL SERVICES,1
165,BUILDING MATERIALS,HOUSEHOLD DURABLES,1
166,BUILDING MATERIALS,INDUSTRIAL CONGLOMERATES,2
167,BUILDING MATERIALS,MACHINERY,1
168,BUILDING MATERIALS,MECHANICAL OR INDUSTRIAL ENGINEERING,1
169,BUILDING MATERIALS,PAPER AND FOREST PRODUCTS,2
170,BUILDING MATERIALS,PERSONAL PRODUCTS,1
171,BUILDING MATERIALS,PROFESSIONAL SERVICES,1
172,BUILDING MATERIALS,SPECIALTY RETAIL,2
173,BUSINESS SUPPLIES AND EQUIPMENT,BUSINESS SUPPLIES AND EQUIPMENT,6
174,BUSINESS SUPPLIES AND EQUIPMENT,COMMERCIAL SERVICES AND SUPPLIES,2
175,BUSINESS SUPPLIES AND EQUIPMENT,COMMUNICATIONS EQUIPMENT,1
176,BUSINESS SUPPLIES AND EQUIPMENT,CONTAINERS AND PACKAGING,1
177,BUSINESS SUPPLIES AND EQUIPMENT,DIVERSIFIED CONSUMER SERVICES,2
178,BUSINESS SUPPLIES AND EQUIPMENT,ELECTRICAL EQUIPMENT,1
179,BUSINESS SUPPLIES AND EQUIPMENT,GOVERNMENT ADMINISTRATION,1
180,BUSINESS SUPPLIES AND EQUIPMENT,"HOTELS, RESTAURANTS AND LEISURE",1
181,BUSINESS SUPPLIES AND EQUIPMENT,INDUSTRIAL CONGLOMERATES,3
182,BUSINESS SUPPLIES AND EQUIPMENT,INFORMATION TECHNOLOGY AND SERVICES,1
183,BUSINESS SUPPLIES AND EQUIPMENT,INTERNET SOFTWARE AND SERVICES,3
184,BUSINESS SUPPLIES AND EQUIPMENT,OIL AND ENERGY,1
185,BUSINESS SUPPLIES AND EQUIPMENT,PRINTING,1
186,BUSINESS SUPPLIES AND EQUIPMENT,PROFESSIONAL SERVICES,2
187,BUSINESS SUPPLIES AND EQUIPMENT,RETAIL,1
188,BUSINESS SUPPLIES AND EQUIPMENT,SPECIALTY RETAIL,1
189,BUSINESS SUPPLIES AND EQUIPMENT,"TECHNOLOGY HARDWARE, STORAGE AND PERIPHERALS",1
190,BUSINESS SUPPLIES AND EQUIPMENT,TOBACCO,1
191,BUSINESS SUPPLIES AND EQUIPMENT,TRANSPORTATION,1
192,CAPITAL MARKETS,BANKS,1
193,CAPITAL MARKETS,CAPITAL MARKETS,6
194,CAPITAL MARKETS,DIVERSIFIED CONSUMER SERVICES,1
195,CAPITAL MARKETS,GAS UTILITIES,1
196,CAPITAL MARKETS,UTILITIES,1
197,CHEMICALS,CHEMICALS,68
198,CHEMICALS,CONSTRUCTION AND ENGINEERING,2
199,CHEMICALS,DIVERSIFIED CONSUMER SERVICES,1
200,CHEMICALS,FACILITIES SERVICES,1
201,CHEMICALS,FOOD AND BEVERAGES,1
202,CHEMICALS,FOOD PRODUCTION,1
203,CHEMICALS,FOOD PRODUCTS,3
204,CHEMICALS,GAS UTILITIES,1
205,CHEMICALS,HEALTH CARE PROVIDERS AND SERVICES,2
206,CHEMICALS,INDUSTRIAL CONGLOMERATES,7
207,CHEMICALS,INTERNET SOFTWARE AND SERVICES,1
208,CHEMICALS,PERSONAL PRODUCTS,1
209,CHEMICALS,PHARMACEUTICALS,1
210,CHEMICALS,PLASTICS,2
211,CHEMICALS,PROFESSIONAL SERVICES,1
212,CHEMICALS,STAFFING AND RECRUITING,1
213,CHEMICALS,"TEXTILES, APPAREL AND LUXURY GOODS",1
214,CIVIC AND SOCIAL ORGANIZATION,AUTOMOTIVE,1
215,CIVIC AND SOCIAL ORGANIZATION,CAPITAL MARKETS,1
216,CIVIC AND SOCIAL ORGANIZATION,CIVIC AND SOCIAL ORGANIZATION,9
217,CIVIC AND SOCIAL ORGANIZATION,INDIVIDUAL AND FAMILY SERVICES,1
218,CIVIC AND SOCIAL ORGANIZATION,LEGAL SERVICES,1
219,CIVIC AND SOCIAL ORGANIZATION,NON-PROFIT ORGANIZATION MANAGEMENT,2
220,CIVIC AND SOCIAL ORGANIZATION,PHARMACEUTICALS,1
221,CIVIC AND SOCIAL ORGANIZATION,POLITICAL ORGANIZATION,1
222,CIVIC AND SOCIAL ORGANIZATION,PROFESSIONAL SERVICES,2
223,CIVIC AND SOCIAL ORGANIZATION,REAL ESTATE,1
224,CIVIL ENGINEERING,CIVIL ENGINEERING,7
225,CIVIL ENGINEERING,COMMERCIAL SERVICES AND SUPPLIES,1
226,CIVIL ENGINEERING,COMMUNICATIONS EQUIPMENT,1
227,CIVIL ENGINEERING,CONSTRUCTION,1
228,CIVIL ENGINEERING,CONSTRUCTION AND ENGINEERING,12
229,CIVIL ENGINEERING,DIVERSIFIED CONSUMER SERVICES,1
230,CIVIL ENGINEERING,ENVIRONMENTAL SERVICES,1
231,CIVIL ENGINEERING,GOVERNMENT ADMINISTRATION,1
232,CIVIL ENGINEERING,INDUSTRIAL CONGLOMERATES,1
233,CIVIL ENGINEERING,INTERNET SOFTWARE AND SERVICES,1
234,CIVIL ENGINEERING,INVESTMENT BANKING,1
235,CIVIL ENGINEERING,PROFESSIONAL SERVICES,3
236,CIVIL ENGINEERING,RELIGIOUS INSTITUTIONS,1
237,COMMERCIAL REAL ESTATE,COMMERCIAL REAL ESTATE,1
238,COMMERCIAL REAL ESTATE,CONSTRUCTION AND ENGINEERING,1
239,COMMERCIAL REAL ESTATE,FACILITIES SERVICES,1
240,COMMERCIAL REAL ESTATE,FINANCIAL SERVICES,1
241,COMMERCIAL REAL ESTATE,HOSPITAL AND HEALTH CARE,1
242,COMMERCIAL REAL ESTATE,INTERNET SOFTWARE AND SERVICES,1
243,COMMERCIAL REAL ESTATE,REAL ESTATE,11
244,COMPUTER AND NETWORK SECURITY,CAPITAL MARKETS,1
245,COMPUTER AND NETWORK SECURITY,COMMUNICATIONS EQUIPMENT,23
246,COMPUTER AND NETWORK SECURITY,COMPUTER AND NETWORK SECURITY,11
247,COMPUTER AND NETWORK SECURITY,DIVERSIFIED CONSUMER SERVICES,21
248,COMPUTER AND NETWORK SECURITY,DIVERSIFIED FINANCIAL SERVICES,1
249,COMPUTER AND NETWORK SECURITY,DIVERSIFIED TELECOMMUNICATION SERVICES,1
250,COMPUTER AND NETWORK SECURITY,GAMBLING AND CASINOS,1
251,COMPUTER AND NETWORK SECURITY,"HOTELS, RESTAURANTS AND LEISURE",1
252,COMPUTER AND NETWORK SECURITY,INFORMATION TECHNOLOGY AND SERVICES,2
253,COMPUTER AND NETWORK SECURITY,INSURANCE,1
254,COMPUTER AND NETWORK SECURITY,INTERNET SOFTWARE AND SERVICES,7
255,COMPUTER AND NETWORK SECURITY,IT SERVICES,1
256,COMPUTER AND NETWORK SECURITY,PROFESSIONAL SERVICES,2
257,COMPUTER GAMES,COMMUNICATIONS EQUIPMENT,18
258,COMPUTER GAMES,COMPUTER GAMES,10
259,COMPUTER GAMES,DIVERSIFIED CONSUMER SERVICES,1
260,COMPUTER GAMES,MEDIA,13
261,COMPUTER HARDWARE,BIOTECHNOLOGY,1
262,COMPUTER HARDWARE,COMMUNICATIONS EQUIPMENT,2
263,COMPUTER HARDWARE,COMPUTER HARDWARE,5
264,COMPUTER HARDWARE,CONSTRUCTION AND ENGINEERING,1
265,COMPUTER HARDWARE,DIVERSIFIED CONSUMER SERVICES,3
266,COMPUTER HARDWARE,HOUSEHOLD DURABLES,6
267,COMPUTER HARDWARE,INDUSTRIAL CONGLOMERATES,1
268,COMPUTER HARDWARE,INTERNET SOFTWARE AND SERVICES,9
269,COMPUTER HARDWARE,MANAGEMENT CONSULTING,1
270,COMPUTER HARDWARE,MEDIA,3
271,COMPUTER HARDWARE,"TECHNOLOGY HARDWARE, STORAGE AND PERIPHERALS",33
272,COMPUTER NETWORKING,AIR FREIGHT AND LOGISTICS,1
273,COMPUTER NETWORKING,COMMERCIAL SERVICES AND SUPPLIES,1
274,COMPUTER NETWORKING,COMMUNICATIONS EQUIPMENT,50
275,COMPUTER NETWORKING,COMPUTER NETWORKING,7
276,COMPUTER NETWORKING,COMPUTER SOFTWARE,1
277,COMPUTER NETWORKING,DIVERSIFIED CONSUMER SERVICES,8
278,COMPUTER NETWORKING,DIVERSIFIED FINANCIAL SERVICES,1
279,COMPUTER NETWORKING,DIVERSIFIED TELECOMMUNICATION SERVICES,1
280,COMPUTER NETWORKING,EDUCATION SERVICES,2
281,COMPUTER NETWORKING,FINANCIAL SERVICES,1
282,COMPUTER NETWORKING,FOOD PRODUCTS,1
283,COMPUTER NETWORKING,GAS UTILITIES,1
284,COMPUTER NETWORKING,HEALTH CARE PROVIDERS AND SERVICES,1
285,COMPUTER NETWORKING,"HOTELS, RESTAURANTS AND LEISURE",1
286,COMPUTER NETWORKING,HOUSEHOLD DURABLES,1
287,COMPUTER NETWORKING,INTERNET SOFTWARE AND SERVICES,11
288,COMPUTER NETWORKING,PERSONAL PRODUCTS,1
289,COMPUTER NETWORKING,PROFESSIONAL SERVICES,1
290,COMPUTER NETWORKING,"TECHNOLOGY HARDWARE, STORAGE AND PERIPHERALS",2
291,COMPUTER NETWORKING,WIRELESS TELECOMMUNICATION SERVICES,1
292,COMPUTER SOFTWARE, MEDIA,1
293,COMPUTER SOFTWARE,AEROSPACE AND DEFENSE,2
294,COMPUTER SOFTWARE,AIR FREIGHT AND LOGISTICS,9
295,COMPUTER SOFTWARE,AUTOMOTIVE,2
296,COMPUTER SOFTWARE,BANKS,2
297,COMPUTER SOFTWARE,BIOTECHNOLOGY,3
298,COMPUTER SOFTWARE,BROADCAST MEDIA,1
299,COMPUTER SOFTWARE,CAPITAL MARKETS,7
300,COMPUTER SOFTWARE,CHEMICALS,1
301,COMPUTER SOFTWARE,COMMERCIAL SERVICES AND SUPPLIES,22
302,COMPUTER SOFTWARE,COMMUNICATIONS EQUIPMENT,96
303,COMPUTER SOFTWARE,COMPUTER SOFTWARE,271
304,COMPUTER SOFTWARE,CONSTRUCTION AND ENGINEERING,8
305,COMPUTER SOFTWARE,CONSUMER GOODS,1
306,COMPUTER SOFTWARE,DISTRIBUTORS,2
307,COMPUTER SOFTWARE,DIVERSIFIED CONSUMER SERVICES,34
308,COMPUTER SOFTWARE,DIVERSIFIED FINANCIAL SERVICES,24
309,COMPUTER SOFTWARE,DIVERSIFIED TELECOMMUNICATION SERVICES,7
310,COMPUTER SOFTWARE,EDUCATION SERVICES,2
311,COMPUTER SOFTWARE,ELECTRICAL EQUIPMENT,3
312,COMPUTER SOFTWARE,ELECTRICAL/ELECTRONIC MANUFACTURING,1
313,COMPUTER SOFTWARE,ENVIRONMENTAL SERVICES,1
314,COMPUTER SOFTWARE,FINANCIAL SERVICES,2
315,COMPUTER SOFTWARE,FOOD AND STAPLES RETAILING,1
316,COMPUTER SOFTWARE,FOOD PRODUCTS,1
317,COMPUTER SOFTWARE,GAS UTILITIES,5
318,COMPUTER SOFTWARE,GOVERNMENT ADMINISTRATION,1
319,COMPUTER SOFTWARE,GOVERNMENT RELATIONS,1
320,COMPUTER SOFTWARE,HEALTH CARE PROVIDERS AND SERVICES,4
321,COMPUTER SOFTWARE,"HEALTH, WELLNESS AND FITNESS",1
322,COMPUTER SOFTWARE,HOSPITAL AND HEALTH CARE,1
323,COMPUTER SOFTWARE,"HOTELS, RESTAURANTS AND LEISURE",17
324,COMPUTER SOFTWARE,HOUSEHOLD DURABLES,2
325,COMPUTER SOFTWARE,HUMAN RESOURCES,1
326,COMPUTER SOFTWARE,INDUSTRIAL CONGLOMERATES,1
327,COMPUTER SOFTWARE,INFORMATION SERVICES,1
328,COMPUTER SOFTWARE,INFORMATION TECHNOLOGY AND SERVICES,9
329,COMPUTER SOFTWARE,INSURANCE,8
330,COMPUTER SOFTWARE,INTERNET SOFTWARE AND SERVICES,426
331,COMPUTER SOFTWARE,IT SERVICES,2
332,COMPUTER SOFTWARE,LEISURE PRODUCTS,1
333,COMPUTER SOFTWARE,MANAGEMENT CONSULTING,1
334,COMPUTER SOFTWARE,MARINE,1
335,COMPUTER SOFTWARE,MARKETING AND ADVERTISING,1
336,COMPUTER SOFTWARE,MEDIA,35
337,COMPUTER SOFTWARE,MILITARY,1
338,COMPUTER SOFTWARE,NON-PROFIT ORGANIZATION MANAGEMENT,1
339,COMPUTER SOFTWARE,PHARMACEUTICALS,14
340,COMPUTER SOFTWARE,PHOTOGRAPHY,1
341,COMPUTER SOFTWARE,PROFESSIONAL SERVICES,73
342,COMPUTER SOFTWARE,REAL ESTATE,3
343,COMPUTER SOFTWARE,ROAD AND RAIL,1
344,COMPUTER SOFTWARE,SOFTWARE,1
345,COMPUTER SOFTWARE,SPECIALIZED CONSUMER SERVICES,6
346,COMPUTER SOFTWARE,STAFFING AND RECRUITING,1
347,COMPUTER SOFTWARE,"TECHNOLOGY HARDWARE, STORAGE AND PERIPHERALS",14
348,COMPUTER SOFTWARE,"TEXTILES, APPAREL AND LUXURY GOODS",2
349,COMPUTER SOFTWARE,TRANSPORTATION,3
350,COMPUTER SOFTWARE,UTILITIES,5
351,COMPUTER SOFTWARE,WIRELESS TELECOMMUNICATION SERVICES,3
352,CONSTRUCTION,AUTOMOTIVE,3
353,CONSTRUCTION,BROADCAST MEDIA,1
354,CONSTRUCTION,BUILDING MATERIALS,4
355,CONSTRUCTION,COMMERCIAL SERVICES AND SUPPLIES,2
356,CONSTRUCTION,COMMUNICATIONS EQUIPMENT,1
357,CONSTRUCTION,COMPUTER SOFTWARE,2
358,CONSTRUCTION,CONSTRUCTION,37
359,CONSTRUCTION,CONSTRUCTION AND ENGINEERING,27
360,CONSTRUCTION,CONSUMER GOODS,2
361,CONSTRUCTION,DIVERSIFIED CONSUMER SERVICES,11
362,CONSTRUCTION,DIVERSIFIED FINANCIAL SERVICES,2
363,CONSTRUCTION,ELECTRIC UTILITIES,1
364,CONSTRUCTION,ELECTRICAL EQUIPMENT,1
365,CONSTRUCTION,ELECTRICAL/ELECTRONIC MANUFACTURING,1
366,CONSTRUCTION,EVENTS SERVICES,1
367,CONSTRUCTION,FOOD PRODUCTS,1
368,CONSTRUCTION,GAS UTILITIES,2
369,CONSTRUCTION,GOVERNMENT ADMINISTRATION,1
370,CONSTRUCTION,"HOTELS, RESTAURANTS AND LEISURE",1
371,CONSTRUCTION,INDUSTRIAL CONGLOMERATES,6
372,CONSTRUCTION,INFORMATION TECHNOLOGY AND SERVICES,2
373,CONSTRUCTION,INSURANCE,1
374,CONSTRUCTION,INTERNET SOFTWARE AND SERVICES,2
375,CONSTRUCTION,MACHINERY,3
376,CONSTRUCTION,MANAGEMENT CONSULTING,1
377,CONSTRUCTION,OIL AND ENERGY,1
378,CONSTRUCTION,ONLINE MEDIA,1
379,CONSTRUCTION,PROFESSIONAL SERVICES,9
380,CONSTRUCTION,PUBLISHING,1
381,CONSTRUCTION,REAL ESTATE,1
382,CONSTRUCTION,RENEWABLE ELECTRICITY,4
383,CONSTRUCTION,SPECIALTY RETAIL,1
384,CONSTRUCTION,"TECHNOLOGY HARDWARE, STORAGE AND PERIPHERALS",1
385,CONSTRUCTION,TEXTILES,1
386,CONSTRUCTION,"TEXTILES, APPAREL AND LUXURY GOODS",3
387,CONSTRUCTION,TRANSPORTATION,3
388,CONSTRUCTION,UTILITIES,1
389,CONSUMER ELECTRONICS,COMMERCIAL SERVICES AND SUPPLIES,2
390,CONSUMER ELECTRONICS,COMMUNICATIONS EQUIPMENT,8
391,CONSUMER ELECTRONICS,CONSUMER DURABLES AND APPAREL,1
392,CONSUMER ELECTRONICS,CONSUMER ELECTRONICS,11
393,CONSUMER ELECTRONICS,DIVERSIFIED CONSUMER SERVICES,5
394,CONSUMER ELECTRONICS,DIVERSIFIED TELECOMMUNICATION SERVICES,1
395,CONSUMER ELECTRONICS,EDUCATION MANAGEMENT,1
396,CONSUMER ELECTRONICS,ELECTRIC UTILITIES,1
397,CONSUMER ELECTRONICS,ELECTRICAL EQUIPMENT,1
398,CONSUMER ELECTRONICS,HIGHER EDUCATION,1
399,CONSUMER ELECTRONICS,HOUSEHOLD DURABLES,15
400,CONSUMER ELECTRONICS,INTERNET SOFTWARE AND SERVICES,9
401,CONSUMER ELECTRONICS,MACHINERY,1
402,CONSUMER ELECTRONICS,MEDIA,1
403,CONSUMER ELECTRONICS,PROFESSIONAL SERVICES,1
404,CONSUMER ELECTRONICS,SPECIALTY RETAIL,1
405,CONSUMER ELECTRONICS,"TECHNOLOGY HARDWARE, STORAGE AND PERIPHERALS",1
406,CONSUMER GOODS,APPAREL AND FASHION,1
407,CONSUMER GOODS,AUTOMOTIVE,1
408,CONSUMER GOODS,BEVERAGES,2
409,CONSUMER GOODS,BUSINESS SUPPLIES AND EQUIPMENT,1
410,CONSUMER GOODS,CHEMICALS,3
411,CONSUMER GOODS,COMMERCIAL SERVICES AND SUPPLIES,1
412,CONSUMER GOODS,COMMUNICATIONS EQUIPMENT,1
413,CONSUMER GOODS,COMPUTER SOFTWARE,1
414,CONSUMER GOODS,CONSTRUCTION AND ENGINEERING,1
415,CONSUMER GOODS,CONSUMER GOODS,61
416,CONSUMER GOODS,CONTAINERS AND PACKAGING,2
417,CONSUMER GOODS,COSMETICS,1
418,CONSUMER GOODS,DIVERSIFIED CONSUMER SERVICES,1
419,CONSUMER GOODS,DIVERSIFIED FINANCIAL SERVICES,1
420,CONSUMER GOODS,FOOD PRODUCTION,2
421,CONSUMER GOODS,FOOD PRODUCTS,7
422,CONSUMER GOODS,GAS UTILITIES,1
423,CONSUMER GOODS,HEALTH CARE PROVIDERS AND SERVICES,4
424,CONSUMER GOODS,"HEALTH, WELLNESS AND FITNESS",2
425,CONSUMER GOODS,"HOTELS, RESTAURANTS AND LEISURE",2
426,CONSUMER GOODS,HOUSEHOLD DURABLES,1
427,CONSUMER GOODS,INDUSTRIAL CONGLOMERATES,8
428,CONSUMER GOODS,INTERNET SOFTWARE AND SERVICES,6
429,CONSUMER GOODS,LEISURE PRODUCTS,2
430,CONSUMER GOODS,MACHINERY,1
431,CONSUMER GOODS,MARINE,1
432,CONSUMER GOODS,MECHANICAL OR INDUSTRIAL ENGINEERING,1
433,CONSUMER GOODS,MEDIA,2
434,CONSUMER GOODS,METALS AND MINING,1
435,CONSUMER GOODS,PAPER AND FOREST PRODUCTS,2
436,CONSUMER GOODS,PERSONAL PRODUCTS,5
437,CONSUMER GOODS,PHARMACEUTICALS,3
438,CONSUMER GOODS,PUBLIC SAFETY,1
439,CONSUMER GOODS,RETAIL,4
440,CONSUMER GOODS,SPECIALTY RETAIL,6
441,CONSUMER GOODS,"TEXTILES, APPAREL AND LUXURY GOODS",10
442,CONSUMER GOODS,TOBACCO,1
443,CONSUMER GOODS,TRANSPORTATION,1
444,CONSUMER GOODS,WHOLESALE,1
445,CONSUMER SERVICES,AIR FREIGHT AND LOGISTICS,1
446,CONSUMER SERVICES,AIRLINES/AVIATION,1
447,CONSUMER SERVICES,AUTOMOTIVE,3
448,CONSUMER SERVICES,BANKS,1
449,CONSUMER SERVICES,BUILDING MATERIALS,1
450,CONSUMER SERVICES,CAPITAL MARKETS,2
451,CONSUMER SERVICES,COMMERCIAL SERVICES AND SUPPLIES,1
452,CONSUMER SERVICES,COMMUNICATIONS EQUIPMENT,12
453,CONSUMER SERVICES,COMPUTER SOFTWARE,1
454,CONSUMER SERVICES,CONSTRUCTION AND ENGINEERING,2
455,CONSUMER SERVICES,CONSUMER SERVICES,14
456,CONSUMER SERVICES,DIVERSIFIED CONSUMER SERVICES,4
457,CONSUMER SERVICES,DIVERSIFIED FINANCIAL SERVICES,2
458,CONSUMER SERVICES,EDUCATION SERVICES,1
459,CONSUMER SERVICES,ENVIRONMENTAL SERVICES,1
460,CONSUMER SERVICES,FINANCIAL SERVICES,1
461,CONSUMER SERVICES,FOOD AND STAPLES RETAILING,1
462,CONSUMER SERVICES,GOVERNMENT ADMINISTRATION,1
463,CONSUMER SERVICES,HEALTH CARE PROVIDERS AND SERVICES,1
464,CONSUMER SERVICES,"HOTELS, RESTAURANTS AND LEISURE",4
465,CONSUMER SERVICES,HOUSEHOLD DURABLES,1
466,CONSUMER SERVICES,INFORMATION TECHNOLOGY AND SERVICES,1
467,CONSUMER SERVICES,INSURANCE,1
468,CONSUMER SERVICES,INTERNET SOFTWARE AND SERVICES,6
469,CONSUMER SERVICES,LEISURE PRODUCTS,1
470,CONSUMER SERVICES,MEDIA,1
471,CONSUMER SERVICES,METALS AND MINING,1
472,CONSUMER SERVICES,PERSONAL PRODUCTS,1
473,CONSUMER SERVICES,PHARMACEUTICALS,1
474,CONSUMER SERVICES,PROFESSIONAL SERVICES,2
475,CONSUMER SERVICES,RELIGIOUS INSTITUTIONS,1
476,CONSUMER SERVICES,RETAIL,1
477,CONSUMER SERVICES,SPECIALTY RETAIL,1
478,CONSUMER SERVICES,"TECHNOLOGY HARDWARE, STORAGE AND PERIPHERALS",1
479,CONSUMER SERVICES,TELECOMMUNICATIONS,2
480,CONSUMER SERVICES,TRANSPORTATION,2
481,COSMETICS,CAPITAL MARKETS,1
482,COSMETICS,COMPUTER SOFTWARE,1
483,COSMETICS,COSMETICS,10
484,COSMETICS,FOOD PRODUCTS,2
485,COSMETICS,HEALTH CARE PROVIDERS AND SERVICES,4
486,COSMETICS,PERSONAL PRODUCTS,14
487,DAIRY,DAIRY,3
488,DEFENSE AND SPACE,AEROSPACE AND DEFENSE,17
489,DEFENSE AND SPACE,COMMERCIAL SERVICES AND SUPPLIES,1
490,DEFENSE AND SPACE,CONSUMER GOODS,1
491,DEFENSE AND SPACE,DEFENSE AND SPACE,21
492,DEFENSE AND SPACE,DIVERSIFIED CONSUMER SERVICES,1
493,DEFENSE AND SPACE,EDUCATION SERVICES,1
494,DEFENSE AND SPACE,GOVERNMENT ADMINISTRATION,1
495,DEFENSE AND SPACE,HEALTH CARE PROVIDERS AND SERVICES,1
496,DEFENSE AND SPACE,HOUSEHOLD DURABLES,1
497,DEFENSE AND SPACE,INFORMATION TECHNOLOGY AND SERVICES,1
498,DEFENSE AND SPACE,INTERNET SOFTWARE AND SERVICES,4
499,DEFENSE AND SPACE,MANAGEMENT CONSULTING,1
500,DEFENSE AND SPACE,MARINE,1
501,DEFENSE AND SPACE,MILITARY,1
502,DEFENSE AND SPACE,PROFESSIONAL SERVICES,2
503,DEFENSE AND SPACE,RETAIL,1
504,DEFENSE AND SPACE,SPECIALIZED CONSUMER SERVICES,2
505,DESIGN,APPAREL AND FASHION,1
506,DESIGN,AUTOMOTIVE,1
507,DESIGN,COMMERCIAL SERVICES AND SUPPLIES,1
508,DESIGN,COMMUNICATIONS EQUIPMENT,4
509,DESIGN,COMPUTER SOFTWARE,1
510,DESIGN,CONSTRUCTION AND ENGINEERING,2
511,DESIGN,CONSUMER SERVICES,1
512,DESIGN,DESIGN,3
513,DESIGN,EDUCATION SERVICES,1
514,DESIGN,ENTERTAINMENT,1
515,DESIGN,EXECUTIVE OFFICE,1
516,DESIGN,FURNITURE,1
517,DESIGN,GAS UTILITIES,1
518,DESIGN,HEALTH CARE PROVIDERS AND SERVICES,1
519,DESIGN,HIGHER EDUCATION,1
520,DESIGN,INSURANCE,1
521,DESIGN,INTERNET SOFTWARE AND SERVICES,1
522,DESIGN,MACHINERY,1
523,DESIGN,MARKETING AND ADVERTISING,2
524,DESIGN,MECHANICAL OR INDUSTRIAL ENGINEERING,1
525,DESIGN,MEDIA,2
526,DESIGN,PROFESSIONAL SERVICES,5
527,DESIGN,RENEWABLE ELECTRICITY,1
528,DESIGN,"TEXTILES, APPAREL AND LUXURY GOODS",3
529,DESIGN,TRANSPORTATION,1
530,E-LEARNING,BIOTECHNOLOGY,1
531,E-LEARNING,COMMERCIAL SERVICES AND SUPPLIES,1
532,E-LEARNING,COMMUNICATIONS EQUIPMENT,6
533,E-LEARNING,COMPUTER SOFTWARE,1
534,E-LEARNING,DIVERSIFIED CONSUMER SERVICES,1
535,E-LEARNING,E-LEARNING,7
536,E-LEARNING,EDUCATION MANAGEMENT,1
537,E-LEARNING,EDUCATION SERVICES,5
538,E-LEARNING,ELECTRICAL EQUIPMENT,2
539,E-LEARNING,HIGHER EDUCATION,2
540,E-LEARNING,"HOTELS, RESTAURANTS AND LEISURE",1
541,E-LEARNING,HOUSEHOLD DURABLES,1
542,E-LEARNING,INTERNET SOFTWARE AND SERVICES,28
543,E-LEARNING,MEDIA,2
544,EDUCATION MANAGEMENT, MEDIA,1
545,EDUCATION MANAGEMENT,COMMUNICATIONS EQUIPMENT,3
546,EDUCATION MANAGEMENT,COMPUTER SOFTWARE,1
547,EDUCATION MANAGEMENT,DIVERSIFIED CONSUMER SERVICES,9
548,EDUCATION MANAGEMENT,DIVERSIFIED FINANCIAL SERVICES,1
549,EDUCATION MANAGEMENT,EDUCATION MANAGEMENT,31
550,EDUCATION MANAGEMENT,EDUCATION SERVICES,43
551,EDUCATION MANAGEMENT,FAMILY SERVICES,3
552,EDUCATION MANAGEMENT,FOOD AND STAPLES RETAILING,2
553,EDUCATION MANAGEMENT,GAS UTILITIES,1
554,EDUCATION MANAGEMENT,HIGHER EDUCATION,9
555,EDUCATION MANAGEMENT,HOSPITAL AND HEALTH CARE,1
556,EDUCATION MANAGEMENT,INDUSTRIAL CONGLOMERATES,1
557,EDUCATION MANAGEMENT,INSURANCE,1
558,EDUCATION MANAGEMENT,INTERNET SOFTWARE AND SERVICES,19
559,EDUCATION MANAGEMENT,LEISURE PRODUCTS,1
560,EDUCATION MANAGEMENT,MEDIA,2
561,EDUCATION MANAGEMENT,NEWSPAPERS,1
562,EDUCATION MANAGEMENT,PRIMARY/SECONDARY EDUCATION,2
563,EDUCATION MANAGEMENT,PROFESSIONAL SERVICES,8
564,EDUCATION MANAGEMENT,PUBLISHING,1
565,EDUCATION MANAGEMENT,SPECIALIZED CONSUMER SERVICES,1
566,EDUCATION MANAGEMENT,SPECIALTY RETAIL,1
567,EDUCATION MANAGEMENT,SPORTING GOODS,1
568,ELECTRICAL/ELECTRONIC MANUFACTURING,AEROSPACE AND DEFENSE,2
569,ELECTRICAL/ELECTRONIC MANUFACTURING,AIR FREIGHT AND LOGISTICS,1
570,ELECTRICAL/ELECTRONIC MANUFACTURING,BIOTECHNOLOGY,2
571,ELECTRICAL/ELECTRONIC MANUFACTURING,BUILDING MATERIALS,1
572,ELECTRICAL/ELECTRONIC MANUFACTURING,CAPITAL MARKETS,2
573,ELECTRICAL/ELECTRONIC MANUFACTURING,CIVIL ENGINEERING,1
574,ELECTRICAL/ELECTRONIC MANUFACTURING,COMMERCIAL SERVICES AND SUPPLIES,1
575,ELECTRICAL/ELECTRONIC MANUFACTURING,COMMUNICATIONS EQUIPMENT,1
576,ELECTRICAL/ELECTRONIC MANUFACTURING,COMPUTER SOFTWARE,1
577,ELECTRICAL/ELECTRONIC MANUFACTURING,CONSTRUCTION,1
578,ELECTRICAL/ELECTRONIC MANUFACTURING,CONSTRUCTION AND ENGINEERING,2
579,ELECTRICAL/ELECTRONIC MANUFACTURING,CONSUMER DURABLES AND APPAREL,1
580,ELECTRICAL/ELECTRONIC MANUFACTURING,CONSUMER ELECTRONICS,1
581,ELECTRICAL/ELECTRONIC MANUFACTURING,DIVERSIFIED CONSUMER SERVICES,1
582,ELECTRICAL/ELECTRONIC MANUFACTURING,ELECTRIC UTILITIES,2
583,ELECTRICAL/ELECTRONIC MANUFACTURING,ELECTRICAL EQUIPMENT,20
584,ELECTRICAL/ELECTRONIC MANUFACTURING,ELECTRICAL/ELECTRONIC MANUFACTURING,28
585,ELECTRICAL/ELECTRONIC MANUFACTURING,FOOD AND STAPLES RETAILING,1
586,ELECTRICAL/ELECTRONIC MANUFACTURING,GAS UTILITIES,2
587,ELECTRICAL/ELECTRONIC MANUFACTURING,HEALTH CARE PROVIDERS AND SERVICES,1
588,ELECTRICAL/ELECTRONIC MANUFACTURING,HIGHER EDUCATION,1
589,ELECTRICAL/ELECTRONIC MANUFACTURING,"HOTELS, RESTAURANTS AND LEISURE",1
590,ELECTRICAL/ELECTRONIC MANUFACTURING,HOUSEHOLD DURABLES,8
591,ELECTRICAL/ELECTRONIC MANUFACTURING,INDUSTRIAL CONGLOMERATES,6
592,ELECTRICAL/ELECTRONIC MANUFACTURING,INFORMATION TECHNOLOGY AND SERVICES,1
593,ELECTRICAL/ELECTRONIC MANUFACTURING,INTERNET SOFTWARE AND SERVICES,10
594,ELECTRICAL/ELECTRONIC MANUFACTURING,MACHINERY,2
595,ELECTRICAL/ELECTRONIC MANUFACTURING,MEDIA,1
596,ELECTRICAL/ELECTRONIC MANUFACTURING,PHARMACEUTICALS,1
597,ELECTRICAL/ELECTRONIC MANUFACTURING,PROFESSIONAL SERVICES,2
598,ELECTRICAL/ELECTRONIC MANUFACTURING,RENEWABLE ELECTRICITY,1
599,ELECTRICAL/ELECTRONIC MANUFACTURING,RENEWABLES AND ENVIRONMENT,1
600,ELECTRICAL/ELECTRONIC MANUFACTURING,RETAIL,2
601,ELECTRICAL/ELECTRONIC MANUFACTURING,ROAD AND RAIL,1
602,ELECTRICAL/ELECTRONIC MANUFACTURING,SEMICONDUCTORS,1
603,ELECTRICAL/ELECTRONIC MANUFACTURING,SPECIALTY RETAIL,1
604,ELECTRICAL/ELECTRONIC MANUFACTURING,"TECHNOLOGY HARDWARE, STORAGE AND PERIPHERALS",2
605,ELECTRICAL/ELECTRONIC MANUFACTURING,UTILITIES,3
606,ELECTRICAL/ELECTRONIC MANUFACTURING,WIRELESS TELECOMMUNICATION SERVICES,1
607,ENTERTAINMENT,AIRLINES,1
608,ENTERTAINMENT,APPAREL AND FASHION,1
609,ENTERTAINMENT,BROADCAST MEDIA,1
610,ENTERTAINMENT,COMMERCIAL SERVICES AND SUPPLIES,1
611,ENTERTAINMENT,COMMUNICATIONS EQUIPMENT,16
612,ENTERTAINMENT,COMPUTER SOFTWARE,1
613,ENTERTAINMENT,ENTERTAINMENT,21
614,ENTERTAINMENT,GAMBLING AND CASINOS,1
615,ENTERTAINMENT,GAS UTILITIES,2
616,ENTERTAINMENT,GOVERNMENT ADMINISTRATION,1
617,ENTERTAINMENT,HEALTH CARE PROVIDERS AND SERVICES,1
618,ENTERTAINMENT,"HOTELS, RESTAURANTS AND LEISURE",15
619,ENTERTAINMENT,HOUSEHOLD DURABLES,1
620,ENTERTAINMENT,INSURANCE,2
621,ENTERTAINMENT,INTERNET SOFTWARE AND SERVICES,2
622,ENTERTAINMENT,LAW PRACTICE,1
623,ENTERTAINMENT,LEISURE PRODUCTS,3
624,ENTERTAINMENT,MEDIA,17
625,ENTERTAINMENT,PROFESSIONAL SERVICES,3
626,ENTERTAINMENT,PUBLISHING,1
627,ENTERTAINMENT,SPECIALIZED CONSUMER SERVICES,2
628,ENTERTAINMENT,SPORTS,1
629,ENTERTAINMENT,"TEXTILES, APPAREL AND LUXURY GOODS",1
630,ENTERTAINMENT,WINE AND SPIRITS,1
631,ENTERTAINMENT,WIRELESS TELECOMMUNICATION SERVICES,1
632,ENVIRONMENTAL SERVICES,CHEMICALS,3
633,ENVIRONMENTAL SERVICES,COMPUTER SOFTWARE,1
634,ENVIRONMENTAL SERVICES,CONSTRUCTION,1
635,ENVIRONMENTAL SERVICES,CONSTRUCTION AND ENGINEERING,3
636,ENVIRONMENTAL SERVICES,DIVERSIFIED CONSUMER SERVICES,1
637,ENVIRONMENTAL SERVICES,EDUCATION SERVICES,1
638,ENVIRONMENTAL SERVICES,ENVIRONMENTAL SERVICES,24
639,ENVIRONMENTAL SERVICES,EVENTS SERVICES,1
640,ENVIRONMENTAL SERVICES,FOOD AND STAPLES RETAILING,1
641,ENVIRONMENTAL SERVICES,GAS UTILITIES,1
642,ENVIRONMENTAL SERVICES,HEALTH CARE PROVIDERS AND SERVICES,1
643,ENVIRONMENTAL SERVICES,INDUSTRIAL CONGLOMERATES,2
644,ENVIRONMENTAL SERVICES,MEDIA,1
645,ENVIRONMENTAL SERVICES,OIL AND ENERGY,1
646,ENVIRONMENTAL SERVICES,PHARMACEUTICALS,1
647,ENVIRONMENTAL SERVICES,PROFESSIONAL SERVICES,3
648,ENVIRONMENTAL SERVICES,PUBLIC SAFETY,1
649,ENVIRONMENTAL SERVICES,REAL ESTATE,1
650,ENVIRONMENTAL SERVICES,RENEWABLE ELECTRICITY,12
651,ENVIRONMENTAL SERVICES,RENEWABLES AND ENVIRONMENT,1
652,ENVIRONMENTAL SERVICES,TRANSPORTATION,1
653,EVENTS SERVICES,AIR FREIGHT AND LOGISTICS,1
654,EVENTS SERVICES,COMMERCIAL SERVICES AND SUPPLIES,2
655,EVENTS SERVICES,COMMUNICATIONS EQUIPMENT,1
656,EVENTS SERVICES,CONSUMER DURABLES AND APPAREL,1
657,EVENTS SERVICES,DIVERSIFIED CONSUMER SERVICES,1
658,EVENTS SERVICES,EVENTS SERVICES,4
659,EVENTS SERVICES,FARMING,1
660,EVENTS SERVICES,HIGHER EDUCATION,1
661,EVENTS SERVICES,"HOTELS, RESTAURANTS AND LEISURE",15
662,EVENTS SERVICES,INTERNET SOFTWARE AND SERVICES,1
663,EVENTS SERVICES,MEDIA,2
664,EVENTS SERVICES,NON-PROFIT ORGANIZATION MANAGEMENT,1
665,EVENTS SERVICES,PHARMACEUTICALS,1
666,EVENTS SERVICES,SOFTWARE,1
667,EVENTS SERVICES,"TEXTILES, APPAREL AND LUXURY GOODS",1
668,EXECUTIVE OFFICE,APPAREL AND FASHION,1
669,EXECUTIVE OFFICE,BUILDING MATERIALS,1
670,EXECUTIVE OFFICE,CAPITAL MARKETS,1
671,EXECUTIVE OFFICE,COMMUNICATIONS EQUIPMENT,2
672,EXECUTIVE OFFICE,EXECUTIVE OFFICE,2
673,EXECUTIVE OFFICE,FOOD PRODUCTS,1
674,EXECUTIVE OFFICE,HOUSEHOLD DURABLES,1
675,EXECUTIVE OFFICE,INDUSTRIAL CONGLOMERATES,1
676,EXECUTIVE OFFICE,PHARMACEUTICALS,1
677,EXECUTIVE OFFICE,PROFESSIONAL SERVICES,2
678,EXECUTIVE OFFICE,"TEXTILES, APPAREL AND LUXURY GOODS",1
679,FACILITIES SERVICES,BUILDING MATERIALS,1
680,FACILITIES SERVICES,CHEMICALS,1
681,FACILITIES SERVICES,COMPUTER SOFTWARE,2
682,FACILITIES SERVICES,CONSTRUCTION,1
683,FACILITIES SERVICES,CONSTRUCTION AND ENGINEERING,10
684,FACILITIES SERVICES,COSMETICS,1
685,FACILITIES SERVICES,DIVERSIFIED CONSUMER SERVICES,5
686,FACILITIES SERVICES,DIVERSIFIED FINANCIAL SERVICES,1
687,FACILITIES SERVICES,ELECTRIC UTILITIES,1
688,FACILITIES SERVICES,FACILITIES SERVICES,6
689,FACILITIES SERVICES,"HOTELS, RESTAURANTS AND LEISURE",1
690,FACILITIES SERVICES,INTERNET SOFTWARE AND SERVICES,1
691,FACILITIES SERVICES,LAW PRACTICE,1
692,FACILITIES SERVICES,MACHINERY,1
693,FACILITIES SERVICES,PHARMACEUTICALS,1
694,FACILITIES SERVICES,PROFESSIONAL SERVICES,1
695,FACILITIES SERVICES,RENEWABLE ELECTRICITY,1
696,FACILITIES SERVICES,TELECOMMUNICATIONS,1
697,FARMING,COMPUTER AND NETWORK SECURITY,1
698,FARMING,FARMING,4
699,FARMING,FOOD AND STAPLES RETAILING,1
700,FARMING,FOOD PRODUCTS,2
701,FARMING,GAS UTILITIES,1
702,FARMING,HOSPITALITY,1
703,FARMING,INDUSTRIAL CONGLOMERATES,1
704,FARMING,MEDIA,1
705,FARMING,SPECIALTY RETAIL,1
706,FINANCIAL SERVICES,AIR FREIGHT AND LOGISTICS,1
707,FINANCIAL SERVICES,AUTOMOTIVE,5
708,FINANCIAL SERVICES,BANKING,21
709,FINANCIAL SERVICES,BANKS,39
710,FINANCIAL SERVICES,CAPITAL MARKETS,29
711,FINANCIAL SERVICES,COMMERCIAL SERVICES AND SUPPLIES,6
712,FINANCIAL SERVICES,COMMUNICATIONS EQUIPMENT,7
713,FINANCIAL SERVICES,COMPUTER SOFTWARE,5
714,FINANCIAL SERVICES,CONSTRUCTION,1
715,FINANCIAL SERVICES,CONSUMER DISCRETIONARY,1
716,FINANCIAL SERVICES,DIVERSIFIED CONSUMER SERVICES,9
717,FINANCIAL SERVICES,DIVERSIFIED FINANCIAL SERVICES,156
718,FINANCIAL SERVICES,EDUCATION SERVICES,1
719,FINANCIAL SERVICES,ELECTRICAL/ELECTRONIC MANUFACTURING,1
720,FINANCIAL SERVICES,FINANCIAL SERVICES,242
721,FINANCIAL SERVICES,FOOD PRODUCTS,2
722,FINANCIAL SERVICES,GAS UTILITIES,3
723,FINANCIAL SERVICES,GOVERNMENT ADMINISTRATION,1
724,FINANCIAL SERVICES,HEALTHCARE PROVIDERS AND SERVICES,1
725,FINANCIAL SERVICES,HOSPITAL AND HEALTH CARE,2
726,FINANCIAL SERVICES,"HOTELS, RESTAURANTS AND LEISURE",1
727,FINANCIAL SERVICES,HOUSEHOLD DURABLES,2
728,FINANCIAL SERVICES,INFORMATION TECHNOLOGY AND SERVICES,1
729,FINANCIAL SERVICES,INSURANCE,21
730,FINANCIAL SERVICES,INTERNATIONAL TRADE AND DEVELOPMENT,1
731,FINANCIAL SERVICES,INTERNET SOFTWARE AND SERVICES,13
732,FINANCIAL SERVICES,LAW PRACTICE,1
733,FINANCIAL SERVICES,LOGISTICS AND SUPPLY CHAIN,1
734,FINANCIAL SERVICES,MANAGEMENT CONSULTING,3
735,FINANCIAL SERVICES,OIL AND ENERGY,1
736,FINANCIAL SERVICES,PERSONAL PRODUCTS,1
737,FINANCIAL SERVICES,PROFESSIONAL SERVICES,6
738,FINANCIAL SERVICES,REAL ESTATE,3
739,FINANCIAL SERVICES,RENEWABLE ELECTRICITY,2
740,FINANCIAL SERVICES,ROAD AND RAIL,1
741,FINANCIAL SERVICES,SPECIALIZED CONSUMER SERVICES,2
742,FINANCIAL SERVICES,STAFFING AND RECRUITING,1
743,FINANCIAL SERVICES,TRADING COMPANIES AND DISTRIBUTORS,1
744,FINANCIAL SERVICES,TRANSPORTATION,1
745,FINE ART,COMMUNICATIONS EQUIPMENT,1
746,FINE ART,FINE ART,3
747,FINE ART,"TEXTILES, APPAREL AND LUXURY GOODS",2
748,FISHERY,FISHERY,1
749,FISHERY,MARINE,1
750,FISHERY,PROFESSIONAL SERVICES,1
751,FOOD AND BEVERAGES,BEVERAGES,1
752,FOOD AND BEVERAGES,COMMERCIAL SERVICES AND SUPPLIES,2
753,FOOD AND BEVERAGES,COMMUNICATIONS EQUIPMENT,1
754,FOOD AND BEVERAGES,CONSUMER GOODS,3
755,FOOD AND BEVERAGES,CONSUMER STAPLES,1
756,FOOD AND BEVERAGES,DISTRIBUTORS,2
757,FOOD AND BEVERAGES,DIVERSIFIED TELECOMMUNICATION SERVICES,1
758,FOOD AND BEVERAGES,EDUCATION SERVICES,1
759,FOOD AND BEVERAGES,FOOD AND BEVERAGES,30
760,FOOD AND BEVERAGES,FOOD AND STAPLES RETAILING,3
761,FOOD AND BEVERAGES,FOOD PRODUCTION,1
762,FOOD AND BEVERAGES,FOOD PRODUCTS,23
763,FOOD AND BEVERAGES,GOVERNMENT ADMINISTRATION,1
764,FOOD AND BEVERAGES,"HOTELS, RESTAURANTS AND LEISURE",14
765,FOOD AND BEVERAGES,INTERNET SOFTWARE AND SERVICES,3
766,FOOD AND BEVERAGES,LEISURE PRODUCTS,1
767,FOOD AND BEVERAGES,MACHINERY,1
768,FOOD AND BEVERAGES,MEDICAL DEVICES,1
769,FOOD AND BEVERAGES,PUBLISHING,1
770,FOOD AND BEVERAGES,RESTAURANTS,1
771,FOOD AND BEVERAGES,RETAIL,1
772,FOOD AND BEVERAGES,"TEXTILES, APPAREL AND LUXURY GOODS",2
773,FOOD AND BEVERAGES,TRANSPORTATION,1
774,FOOD AND BEVERAGES,UTILITIES,1
775,FOOD PRODUCTION,COMMERCIAL SERVICES AND SUPPLIES,1
776,FOOD PRODUCTION,EDUCATION SERVICES,1
777,FOOD PRODUCTION,FOOD AND STAPLES RETAILING,3
778,FOOD PRODUCTION,FOOD PRODUCTION,34
779,FOOD PRODUCTION,FOOD PRODUCTS,25
780,FOOD PRODUCTION,"HOTELS, RESTAURANTS AND LEISURE",1
781,FOOD PRODUCTION,PROFESSIONAL SERVICES,1
782,FOOD PRODUCTION,PUBLISHING,1
783,FOOD PRODUCTION,RETAIL,1
784,FOOD PRODUCTION,SPECIALTY RETAIL,1
785,FUND-RAISING,CAPITAL MARKETS,5
786,FUND-RAISING,EDUCATION SERVICES,1
787,FUND-RAISING,FUND-RAISING,6
788,FUND-RAISING,HEALTH CARE PROVIDERS AND SERVICES,1
789,FUND-RAISING,HOSPITAL AND HEALTH CARE,2
790,FUND-RAISING,NON-PROFIT ORGANIZATION MANAGEMENT,1
791,FUND-RAISING,PUBLISHING,1
792,FURNITURE,BUILDING MATERIALS,1
793,FURNITURE,CONSUMER DISCRETIONARY,1
794,FURNITURE,FURNITURE,13
795,FURNITURE,INDUSTRIAL CONGLOMERATES,1
796,FURNITURE,PROFESSIONAL SERVICES,1
797,FURNITURE,RETAIL,1
798,FURNITURE,SPECIALTY RETAIL,13
799,FURNITURE,"TECHNOLOGY HARDWARE, STORAGE AND PERIPHERALS",1
800,GAMBLING AND CASINOS,COMMUNICATIONS EQUIPMENT,4
801,GAMBLING AND CASINOS,GAMBLING AND CASINOS,19
802,GAMBLING AND CASINOS,"HOTELS, RESTAURANTS AND LEISURE",10
803,GAMBLING AND CASINOS,MEDIA,3
804,GAMBLING AND CASINOS,PROFESSIONAL SERVICES,1
805,"GLASS, CERAMICS AND CONCRETE",CONSUMER SERVICES,1
806,"GLASS, CERAMICS AND CONCRETE","GLASS, CERAMICS AND CONCRETE",3
807,"GLASS, CERAMICS AND CONCRETE",INDUSTRIAL CONGLOMERATES,5
808,GOVERNMENT ADMINISTRATION,AEROSPACE AND DEFENSE,1
809,GOVERNMENT ADMINISTRATION,AUTOMOTIVE,4
810,GOVERNMENT ADMINISTRATION,CAPITAL MARKETS,2
811,GOVERNMENT ADMINISTRATION,COMMERCIAL SERVICES AND SUPPLIES,10
812,GOVERNMENT ADMINISTRATION,COMPUTER SOFTWARE,1
813,GOVERNMENT ADMINISTRATION,CONSTRUCTION AND ENGINEERING,1
814,GOVERNMENT ADMINISTRATION,DIVERSIFIED CONSUMER SERVICES,3
815,GOVERNMENT ADMINISTRATION,DIVERSIFIED FINANCIAL SERVICES,3
816,GOVERNMENT ADMINISTRATION,EDUCATION SERVICES,5
817,GOVERNMENT ADMINISTRATION,FINANCIAL SERVICES,1
818,GOVERNMENT ADMINISTRATION,FOOD AND STAPLES RETAILING,2
819,GOVERNMENT ADMINISTRATION,FOOD PRODUCTS,3
820,GOVERNMENT ADMINISTRATION,GAS UTILITIES,1
821,GOVERNMENT ADMINISTRATION,GOVERNMENT ADMINISTRATION,135
822,GOVERNMENT ADMINISTRATION,GOVERNMENT RELATIONS,2
823,GOVERNMENT ADMINISTRATION,HEALTH CARE PROVIDERS AND SERVICES,3
824,GOVERNMENT ADMINISTRATION,"HOTELS, RESTAURANTS AND LEISURE",3
825,GOVERNMENT ADMINISTRATION,INDUSTRIAL CONGLOMERATES,1
826,GOVERNMENT ADMINISTRATION,INFORMATION TECHNOLOGY AND SERVICES,1
827,GOVERNMENT ADMINISTRATION,INTERNET SOFTWARE AND SERVICES,2
828,GOVERNMENT ADMINISTRATION,LEGAL SERVICES,1
829,GOVERNMENT ADMINISTRATION,MEDIA,2
830,GOVERNMENT ADMINISTRATION,PHARMACEUTICALS,1
831,GOVERNMENT ADMINISTRATION,PROFESSIONAL SERVICES,1
832,GOVERNMENT ADMINISTRATION,RENEWABLE ELECTRICITY,1
833,GOVERNMENT ADMINISTRATION,TRADING COMPANIES AND DISTRIBUTORS,3
834,GOVERNMENT ADMINISTRATION,TRANSPORTATION,1
835,GOVERNMENT ADMINISTRATION,WHOLESALE,1
836,GOVERNMENT RELATIONS,AUTOMOTIVE,1
837,GOVERNMENT RELATIONS,BANKS,1
838,GOVERNMENT RELATIONS,COMMERCIAL SERVICES AND SUPPLIES,1
839,GOVERNMENT RELATIONS,EDUCATION SERVICES,1
840,GOVERNMENT RELATIONS,GOVERNMENT ADMINISTRATION,5
841,GOVERNMENT RELATIONS,GOVERNMENT RELATIONS,3
842,GOVERNMENT RELATIONS,HIGHER EDUCATION,1
843,GOVERNMENT RELATIONS,HOSPITALITY,1
844,GOVERNMENT RELATIONS,LAW PRACTICE,1
845,GOVERNMENT RELATIONS,PHARMACEUTICALS,1
846,GOVERNMENT RELATIONS,ROAD AND RAIL,1
847,GOVERNMENT RELATIONS,"TEXTILES, APPAREL AND LUXURY GOODS",1
848,GRAPHIC DESIGN,COMMUNICATIONS EQUIPMENT,2
849,GRAPHIC DESIGN,GOVERNMENT ADMINISTRATION,1
850,GRAPHIC DESIGN,GRAPHIC DESIGN,1
851,GRAPHIC DESIGN,MEDIA,1
852,GRAPHIC DESIGN,PACKAGING AND CONTAINERS,1
853,GRAPHIC DESIGN,PHOTOGRAPHY,1
854,GRAPHIC DESIGN,PROFESSIONAL SERVICES,2
855,GRAPHIC DESIGN,SOFTWARE,2
856,GRAPHIC DESIGN,"TECHNOLOGY HARDWARE, STORAGE AND PERIPHERALS",1
857,GRAPHIC DESIGN,"TEXTILES, APPAREL AND LUXURY GOODS",1
858,"HEALTH, WELLNESS AND FITNESS",BANKS,1
859,"HEALTH, WELLNESS AND FITNESS",BUILDING MATERIALS,1
860,"HEALTH, WELLNESS AND FITNESS",COMMUNICATIONS EQUIPMENT,27
861,"HEALTH, WELLNESS AND FITNESS",COMPUTER SOFTWARE,1
862,"HEALTH, WELLNESS AND FITNESS",DIVERSIFIED FINANCIAL SERVICES,1
863,"HEALTH, WELLNESS AND FITNESS",EDUCATION SERVICES,1
864,"HEALTH, WELLNESS AND FITNESS",ELECTRICAL EQUIPMENT,1
865,"HEALTH, WELLNESS AND FITNESS",FINANCIAL SERVICES,1
866,"HEALTH, WELLNESS AND FITNESS",FOOD PRODUCTS,1
867,"HEALTH, WELLNESS AND FITNESS",HEALTH CARE PROVIDERS AND SERVICES,29
868,"HEALTH, WELLNESS AND FITNESS","HEALTH, WELLNESS AND FITNESS",28
869,"HEALTH, WELLNESS AND FITNESS",HIGHER EDUCATION,1
870,"HEALTH, WELLNESS AND FITNESS",HOSPITAL AND HEALTH CARE,2
871,"HEALTH, WELLNESS AND FITNESS",HOSPITALITY,1
872,"HEALTH, WELLNESS AND FITNESS","HOTELS, RESTAURANTS AND LEISURE",1
873,"HEALTH, WELLNESS AND FITNESS",HOUSEHOLD DURABLES,2
874,"HEALTH, WELLNESS AND FITNESS",INSURANCE,4
875,"HEALTH, WELLNESS AND FITNESS",INTERNET SOFTWARE AND SERVICES,4
876,"HEALTH, WELLNESS AND FITNESS",LEISURE PRODUCTS,2
877,"HEALTH, WELLNESS AND FITNESS",MEDICAL PRACTICE,1
878,"HEALTH, WELLNESS AND FITNESS",NON-PROFIT ORGANIZATION MANAGEMENT,2
879,"HEALTH, WELLNESS AND FITNESS",PERSONAL PRODUCTS,2
880,"HEALTH, WELLNESS AND FITNESS",PHARMACEUTICALS,12
881,"HEALTH, WELLNESS AND FITNESS",PROFESSIONAL SERVICES,3
882,"HEALTH, WELLNESS AND FITNESS",REAL ESTATE,1
883,"HEALTH, WELLNESS AND FITNESS","TEXTILES, APPAREL AND LUXURY GOODS",3
884,HIGHER EDUCATION,BANKING,1
885,HIGHER EDUCATION,CAPITAL MARKETS,1
886,HIGHER EDUCATION,COMMERCIAL SERVICES AND SUPPLIES,1
887,HIGHER EDUCATION,CONSTRUCTION,1
888,HIGHER EDUCATION,DIVERSIFIED CONSUMER SERVICES,28
889,HIGHER EDUCATION,DIVERSIFIED FINANCIAL SERVICES,1
890,HIGHER EDUCATION,EDUCATION MANAGEMENT,1
891,HIGHER EDUCATION,EDUCATION SERVICES,142
892,HIGHER EDUCATION,FAMILY SERVICES,1
893,HIGHER EDUCATION,FOOD AND STAPLES RETAILING,1
894,HIGHER EDUCATION,HEALTH CARE PROVIDERS AND SERVICES,3
895,HIGHER EDUCATION,HIGHER EDUCATION,176
896,HIGHER EDUCATION,HOSPITAL AND HEALTH CARE,1
897,HIGHER EDUCATION,"HOTELS, RESTAURANTS AND LEISURE",3
898,HIGHER EDUCATION,INFORMATION TECHNOLOGY AND SERVICES,1
899,HIGHER EDUCATION,INTERNATIONAL AFFAIRS,1
900,HIGHER EDUCATION,INTERNET SOFTWARE AND SERVICES,15
901,HIGHER EDUCATION,LAW PRACTICE,1
902,HIGHER EDUCATION,NON-PROFIT ORGANIZATION MANAGEMENT,1
903,HIGHER EDUCATION,PHARMACEUTICALS,2
904,HIGHER EDUCATION,PROFESSIONAL SERVICES,17
905,HIGHER EDUCATION,"TEXTILES, APPAREL AND LUXURY GOODS",1
906,HOSPITAL AND HEALTH CARE,AEROSPACE AND DEFENSE,1
907,HOSPITAL AND HEALTH CARE,COMMERCIAL SERVICES AND SUPPLIES,2
908,HOSPITAL AND HEALTH CARE,COMMUNICATIONS EQUIPMENT,18
909,HOSPITAL AND HEALTH CARE,COMPUTER SOFTWARE,3
910,HOSPITAL AND HEALTH CARE,CONSTRUCTION AND ENGINEERING,1
911,HOSPITAL AND HEALTH CARE,DIVERSIFIED FINANCIAL SERVICES,1
912,HOSPITAL AND HEALTH CARE,EDUCATION SERVICES,13
913,HOSPITAL AND HEALTH CARE,ENVIRONMENTAL SERVICES,1
914,HOSPITAL AND HEALTH CARE,FAMILY SERVICES,1
915,HOSPITAL AND HEALTH CARE,FOOD AND STAPLES RETAILING,1
916,HOSPITAL AND HEALTH CARE,FOOD PRODUCTS,1
917,HOSPITAL AND HEALTH CARE,GAS UTILITIES,1
918,HOSPITAL AND HEALTH CARE,GOVERNMENT ADMINISTRATION,3
919,HOSPITAL AND HEALTH CARE,HEALTH CARE PROVIDERS AND SERVICES,92
920,HOSPITAL AND HEALTH CARE,"HEALTH, WELLNESS AND FITNESS",2
921,HOSPITAL AND HEALTH CARE,HIGHER EDUCATION,1
922,HOSPITAL AND HEALTH CARE,HOSPITAL AND HEALTH CARE,166
923,HOSPITAL AND HEALTH CARE,HOSPITALITY,2
924,HOSPITAL AND HEALTH CARE,"HOTELS, RESTAURANTS AND LEISURE",1
925,HOSPITAL AND HEALTH CARE,HOUSEHOLD DURABLES,1
926,HOSPITAL AND HEALTH CARE,INFORMATION TECHNOLOGY AND SERVICES,2
927,HOSPITAL AND HEALTH CARE,INSURANCE,7
928,HOSPITAL AND HEALTH CARE,INTERNET SOFTWARE AND SERVICES,2
929,HOSPITAL AND HEALTH CARE,LAW PRACTICE,1
930,HOSPITAL AND HEALTH CARE,NON-PROFIT ORGANIZATION MANAGEMENT,2
931,HOSPITAL AND HEALTH CARE,OUTSOURCING/OFFSHORING,1
932,HOSPITAL AND HEALTH CARE,PHARMACEUTICALS,92
933,HOSPITAL AND HEALTH CARE,PROFESSIONAL SERVICES,1
934,HOSPITAL AND HEALTH CARE,REAL ESTATE,1
935,HOSPITAL AND HEALTH CARE,RELIGIOUS INSTITUTIONS,1
936,HOSPITAL AND HEALTH CARE,RETAIL,1
937,HOSPITAL AND HEALTH CARE,SPECIALIZED CONSUMER SERVICES,1
938,HOSPITAL AND HEALTH CARE,WHOLESALE,2
939,HOSPITALITY,APPAREL AND FASHION,1
940,HOSPITALITY,AUTOMOTIVE,2
941,HOSPITALITY,BEVERAGES,1
942,HOSPITALITY,COMMUNICATIONS EQUIPMENT,3
943,HOSPITALITY,CONSUMER GOODS,1
944,HOSPITALITY,DIVERSIFIED TELECOMMUNICATION SERVICES,1
945,HOSPITALITY,FARMING,1
946,HOSPITALITY,FOOD PRODUCTS,4
947,HOSPITALITY,HEALTH CARE PROVIDERS AND SERVICES,1
948,HOSPITALITY,HOSPITAL AND HEALTH CARE,1
949,HOSPITALITY,HOSPITALITY,38
950,HOSPITALITY,"HOTELS, RESTAURANTS AND LEISURE",84
951,HOSPITALITY,INDUSTRIAL CONGLOMERATES,1
952,HOSPITALITY,INTERNET SOFTWARE AND SERVICES,2
953,HOSPITALITY,LEISURE PRODUCTS,3
954,HOSPITALITY,"LEISURE, TRAVEL AND TOURISM",2
955,HOSPITALITY,MECHANICAL OR INDUSTRIAL ENGINEERING,1
956,HOSPITALITY,MEDIA,1
957,HOSPITALITY,PHARMACEUTICALS,1
958,HOSPITALITY,PROFESSIONAL SERVICES,2
959,HOSPITALITY,REAL ESTATE,2
960,HUMAN RESOURCES,AEROSPACE AND DEFENSE,1
961,HUMAN RESOURCES,BANKS,1
962,HUMAN RESOURCES,BROADCAST MEDIA,2
963,HUMAN RESOURCES,CAPITAL MARKETS,1
964,HUMAN RESOURCES,CHEMICALS,2
965,HUMAN RESOURCES,COMMERCIAL SERVICES AND SUPPLIES,2
966,HUMAN RESOURCES,COMMUNICATIONS EQUIPMENT,2
967,HUMAN RESOURCES,COMPUTER SOFTWARE,2
968,HUMAN RESOURCES,CONSTRUCTION AND ENGINEERING,2
969,HUMAN RESOURCES,CONSUMER GOODS,1
970,HUMAN RESOURCES,DIVERSIFIED FINANCIAL SERVICES,2
971,HUMAN RESOURCES,DIVERSIFIED TELECOMMUNICATION SERVICES,1
972,HUMAN RESOURCES,FOOD PRODUCTS,1
973,HUMAN RESOURCES,GOVERNMENT ADMINISTRATION,1
974,HUMAN RESOURCES,HEALTH CARE PROVIDERS AND SERVICES,1
975,HUMAN RESOURCES,"HOTELS, RESTAURANTS AND LEISURE",1
976,HUMAN RESOURCES,HUMAN RESOURCES,15
977,HUMAN RESOURCES,INTERNET SOFTWARE AND SERVICES,2
978,HUMAN RESOURCES,LOGISTICS AND SUPPLY CHAIN,1
979,HUMAN RESOURCES,MEDIA,1
980,HUMAN RESOURCES,PROFESSIONAL SERVICES,32
981,HUMAN RESOURCES,STAFFING AND RECRUITING,2
982,HUMAN RESOURCES,"TEXTILES, APPAREL AND LUXURY GOODS",3
983,HUMAN RESOURCES,TRANSPORTATION/TRUCKING/RAILROAD,2
984,IMPORT AND EXPORT,AIR FREIGHT AND LOGISTICS,1
985,IMPORT AND EXPORT,AUTOMOTIVE,1
986,IMPORT AND EXPORT,DIVERSIFIED CONSUMER SERVICES,1
987,IMPORT AND EXPORT,FOOD PRODUCTS,1
988,IMPORT AND EXPORT,IMPORT AND EXPORT,2
989,INDIVIDUAL AND FAMILY SERVICES,CIVIC AND SOCIAL ORGANIZATION,1
990,INDIVIDUAL AND FAMILY SERVICES,COMPUTER SOFTWARE,1
991,INDIVIDUAL AND FAMILY SERVICES,DIVERSIFIED CONSUMER SERVICES,2
992,INDIVIDUAL AND FAMILY SERVICES,FAMILY SERVICES,3
993,INDIVIDUAL AND FAMILY SERVICES,GOVERNMENT ADMINISTRATION,1
994,INDIVIDUAL AND FAMILY SERVICES,INDIVIDUAL AND FAMILY SERVICES,4
995,INDIVIDUAL AND FAMILY SERVICES,INTERNET SOFTWARE AND SERVICES,2
996,INDIVIDUAL AND FAMILY SERVICES,RETAIL,1
997,INDIVIDUAL AND FAMILY SERVICES,SPECIALIZED CONSUMER SERVICES,1
998,INDIVIDUAL AND FAMILY SERVICES,TRANSPORTATION/TRUCKING/RAILROAD,1
999,INDUSTRIAL AUTOMATION,AEROSPACE AND DEFENSE,1
1000,INDUSTRIAL AUTOMATION,CHEMICALS,1
1001,INDUSTRIAL AUTOMATION,COMPUTER SOFTWARE,1
1002,INDUSTRIAL AUTOMATION,CONSTRUCTION AND ENGINEERING,1
1003,INDUSTRIAL AUTOMATION,GAMBLING AND CASINOS,1
1004,INDUSTRIAL AUTOMATION,INDUSTRIAL AUTOMATION,11
1005,INDUSTRIAL AUTOMATION,INDUSTRIAL CONGLOMERATES,2
1006,INDUSTRIAL AUTOMATION,INTERNET SOFTWARE AND SERVICES,1
1007,INDUSTRIAL AUTOMATION,MACHINERY,1
1008,INDUSTRIAL AUTOMATION,PROFESSIONAL SERVICES,8
1009,INDUSTRIAL AUTOMATION,SEMICONDUCTORS,1
1010,INDUSTRIAL AUTOMATION,TRANSPORTATION,1
1011,INDUSTRIAL AUTOMATION,WHOLESALE,1
1012,INFORMATION SERVICES,AEROSPACE AND DEFENSE,2
1013,INFORMATION SERVICES,CAPITAL MARKETS,2
1014,INFORMATION SERVICES,COMMERCIAL SERVICES AND SUPPLIES,2
1015,INFORMATION SERVICES,COMMUNICATIONS EQUIPMENT,1
1016,INFORMATION SERVICES,DIVERSIFIED CONSUMER SERVICES,1
1017,INFORMATION SERVICES,DIVERSIFIED FINANCIAL SERVICES,4
1018,INFORMATION SERVICES,FAMILY SERVICES,1
1019,INFORMATION SERVICES,GAS UTILITIES,1
1020,INFORMATION SERVICES,HEALTH CARE PROVIDERS AND SERVICES,2
1021,INFORMATION SERVICES,INFORMATION SERVICES,17
1022,INFORMATION SERVICES,INFORMATION TECHNOLOGY AND SERVICES,1
1023,INFORMATION SERVICES,INTERNET SOFTWARE AND SERVICES,15
1024,INFORMATION SERVICES,MEDIA,6
1025,INFORMATION SERVICES,MEDICAL DEVICES,1
1026,INFORMATION SERVICES,MENTAL HEALTH CARE,1
1027,INFORMATION SERVICES,PRINTING,1
1028,INFORMATION SERVICES,PROFESSIONAL SERVICES,2
1029,INFORMATION SERVICES,SPECIALIZED CONSUMER SERVICES,1
1030,INFORMATION SERVICES,STAFFING AND RECRUITING,1
1031,INFORMATION SERVICES,TRADING COMPANIES AND DISTRIBUTORS,1
1032,INFORMATION SERVICES,TRANSPORTATION,1
1033,INFORMATION TECHNOLOGY AND SERVICES, MEDIA,2
1034,INFORMATION TECHNOLOGY AND SERVICES,AEROSPACE AND DEFENSE,4
1035,INFORMATION TECHNOLOGY AND SERVICES,AIR FREIGHT AND LOGISTICS,8
1036,INFORMATION TECHNOLOGY AND SERVICES,AIRLINES,2
1037,INFORMATION TECHNOLOGY AND SERVICES,APPAREL AND FASHION,1
1038,INFORMATION TECHNOLOGY AND SERVICES,AUTOMOTIVE,4
1039,INFORMATION TECHNOLOGY AND SERVICES,AVIATION AND AEROSPACE,1
1040,INFORMATION TECHNOLOGY AND SERVICES,BANKS,2
1041,INFORMATION TECHNOLOGY AND SERVICES,BIOTECHNOLOGY,5
1042,INFORMATION TECHNOLOGY AND SERVICES,BROADCAST MEDIA,2
1043,INFORMATION TECHNOLOGY AND SERVICES,CAPITAL MARKETS,9
1044,INFORMATION TECHNOLOGY AND SERVICES,CIVIL ENGINEERING,1
1045,INFORMATION TECHNOLOGY AND SERVICES,COMMERCIAL SERVICES AND SUPPLIES,24
1046,INFORMATION TECHNOLOGY AND SERVICES,COMMUNICATIONS EQUIPMENT,78
1047,INFORMATION TECHNOLOGY AND SERVICES,COMPUTER AND NETWORK SECURITY,1
1048,INFORMATION TECHNOLOGY AND SERVICES,COMPUTER HARDWARE,2
1049,INFORMATION TECHNOLOGY AND SERVICES,COMPUTER SOFTWARE,33
1050,INFORMATION TECHNOLOGY AND SERVICES,CONSTRUCTION AND ENGINEERING,6
1051,INFORMATION TECHNOLOGY AND SERVICES,CONSUMER GOODS,1
1052,INFORMATION TECHNOLOGY AND SERVICES,DEFENSE AND SPACE,1
1053,INFORMATION TECHNOLOGY AND SERVICES,DISTRIBUTORS,1
1054,INFORMATION TECHNOLOGY AND SERVICES,DIVERSIFIED CONSUMER SERVICES,71
1055,INFORMATION TECHNOLOGY AND SERVICES,DIVERSIFIED FINANCIAL SERVICES,29
1056,INFORMATION TECHNOLOGY AND SERVICES,DIVERSIFIED TELECOMMUNICATION SERVICES,18
1057,INFORMATION TECHNOLOGY AND SERVICES,EDUCATION SERVICES,6
1058,INFORMATION TECHNOLOGY AND SERVICES,ELECTRIC UTILITIES,1
1059,INFORMATION TECHNOLOGY AND SERVICES,ELECTRICAL EQUIPMENT,2
1060,INFORMATION TECHNOLOGY AND SERVICES,ELECTRICAL/ELECTRONIC MANUFACTURING,1
1061,INFORMATION TECHNOLOGY AND SERVICES,ENVIRONMENTAL SERVICES,1
1062,INFORMATION TECHNOLOGY AND SERVICES,FINANCIAL SERVICES,2
1063,INFORMATION TECHNOLOGY AND SERVICES,FOOD AND STAPLES RETAILING,1
1064,INFORMATION TECHNOLOGY AND SERVICES,FOOD PRODUCTS,2
1065,INFORMATION TECHNOLOGY AND SERVICES,GAMBLING AND CASINOS,1
1066,INFORMATION TECHNOLOGY AND SERVICES,GAS UTILITIES,5
1067,INFORMATION TECHNOLOGY AND SERVICES,GOVERNMENT ADMINISTRATION,4
1068,INFORMATION TECHNOLOGY AND SERVICES,HEALTH CARE PROVIDERS AND SERVICES,9
1069,INFORMATION TECHNOLOGY AND SERVICES,"HEALTH, WELLNESS AND FITNESS",1
1070,INFORMATION TECHNOLOGY AND SERVICES,HOSPITAL AND HEALTH CARE,4
1071,INFORMATION TECHNOLOGY AND SERVICES,"HOTELS, RESTAURANTS AND LEISURE",16
1072,INFORMATION TECHNOLOGY AND SERVICES,HOUSEHOLD DURABLES,8
1073,INFORMATION TECHNOLOGY AND SERVICES,INDUSTRIAL AUTOMATION,1
1074,INFORMATION TECHNOLOGY AND SERVICES,INDUSTRIAL CONGLOMERATES,3
1075,INFORMATION TECHNOLOGY AND SERVICES,INFORMATION SERVICES,1
1076,INFORMATION TECHNOLOGY AND SERVICES,INFORMATION TECHNOLOGY AND SERVICES,520
1077,INFORMATION TECHNOLOGY AND SERVICES,INSURANCE,12
1078,INFORMATION TECHNOLOGY AND SERVICES,INTERNET SOFTWARE AND SERVICES,438
1079,INFORMATION TECHNOLOGY AND SERVICES,INVESTMENT MANAGEMENT,1
1080,INFORMATION TECHNOLOGY AND SERVICES,IT SERVICES,1
1081,INFORMATION TECHNOLOGY AND SERVICES,LEGAL SERVICES,1
1082,INFORMATION TECHNOLOGY AND SERVICES,MACHINERY,1
1083,INFORMATION TECHNOLOGY AND SERVICES,MANAGEMENT CONSULTING,3
1084,INFORMATION TECHNOLOGY AND SERVICES,MARINE,3
1085,INFORMATION TECHNOLOGY AND SERVICES,MARKETING AND ADVERTISING,2
1086,INFORMATION TECHNOLOGY AND SERVICES,MEDIA,40
1087,INFORMATION TECHNOLOGY AND SERVICES,METALS AND MINING,1
1088,INFORMATION TECHNOLOGY AND SERVICES,MINING AND METALS,1
1089,INFORMATION TECHNOLOGY AND SERVICES,NON-PROFIT ORGANIZATION MANAGEMENT,1
1090,INFORMATION TECHNOLOGY AND SERVICES,OIL AND ENERGY,1
1091,INFORMATION TECHNOLOGY AND SERVICES,ONLINE MEDIA,1
1092,INFORMATION TECHNOLOGY AND SERVICES,OUTSOURCING/OFFSHORING,1
1093,INFORMATION TECHNOLOGY AND SERVICES,PHARMACEUTICALS,24
1094,INFORMATION TECHNOLOGY AND SERVICES,PHILANTHROPY,1
1095,INFORMATION TECHNOLOGY AND SERVICES,PROFESSIONAL SERVICES,156
1096,INFORMATION TECHNOLOGY AND SERVICES,REAL ESTATE,3
1097,INFORMATION TECHNOLOGY AND SERVICES,RECREATIONAL FACILITIES AND SERVICES,1
1098,INFORMATION TECHNOLOGY AND SERVICES,RETAIL,2
1099,INFORMATION TECHNOLOGY AND SERVICES,SEMICONDUCTORS,1
1100,INFORMATION TECHNOLOGY AND SERVICES,SPECIALIZED CONSUMER SERVICES,4
1101,INFORMATION TECHNOLOGY AND SERVICES,SPECIALTY RETAIL,4
1102,INFORMATION TECHNOLOGY AND SERVICES,"TECHNOLOGY HARDWARE, STORAGE AND PERIPHERALS",31
1103,INFORMATION TECHNOLOGY AND SERVICES,TELECOMMUNICATIONS,4
1104,INFORMATION TECHNOLOGY AND SERVICES,"TEXTILES, APPAREL AND LUXURY GOODS",4
1105,INFORMATION TECHNOLOGY AND SERVICES,TRADING COMPANIES AND DISTRIBUTORS,1
1106,INFORMATION TECHNOLOGY AND SERVICES,TRANSPORTATION,3
1107,INFORMATION TECHNOLOGY AND SERVICES,TRANSPORTATION/TRUCKING/RAILROAD,3
1108,INFORMATION TECHNOLOGY AND SERVICES,UTILITIES,2
1109,INFORMATION TECHNOLOGY AND SERVICES,WHOLESALE,1
1110,INFORMATION TECHNOLOGY AND SERVICES,WIRELESS TELECOMMUNICATION SERVICES,24
1111,INSURANCE,AUTOMOTIVE,1
1112,INSURANCE,BANKING,1
1113,INSURANCE,BANKS,3
1114,INSURANCE,CAPITAL MARKETS,1
1115,INSURANCE,COMMUNICATIONS EQUIPMENT,2
1116,INSURANCE,COMPUTER SOFTWARE,4
1117,INSURANCE,DIVERSIFIED CONSUMER SERVICES,2
1118,INSURANCE,DIVERSIFIED FINANCIAL SERVICES,22
1119,INSURANCE,EDUCATION SERVICES,1
1120,INSURANCE,HEALTH CARE PROVIDERS AND SERVICES,5
1121,INSURANCE,INFORMATION TECHNOLOGY AND SERVICES,1
1122,INSURANCE,INSURANCE,282
1123,INSURANCE,INTERNET SOFTWARE AND SERVICES,2
1124,INSURANCE,IT SERVICES,1
1125,INSURANCE,LAW PRACTICE,1
1126,INSURANCE,LEGAL SERVICES,1
1127,INSURANCE,LEISURE PRODUCTS,1
1128,INSURANCE,MANAGEMENT CONSULTING,2
1129,INSURANCE,PHARMACEUTICALS,3
1130,INSURANCE,PROFESSIONAL SERVICES,4
1131,INSURANCE,TRANSPORTATION,1
1132,INSURANCE,WIRELESS TELECOMMUNICATION SERVICES,1
1133,INTERNATIONAL AFFAIRS,COMMERCIAL SERVICES AND SUPPLIES,2
1134,INTERNATIONAL AFFAIRS,DIVERSIFIED CONSUMER SERVICES,1
1135,INTERNATIONAL AFFAIRS,HIGHER EDUCATION,1
1136,INTERNATIONAL AFFAIRS,INTERNATIONAL AFFAIRS,6
1137,INTERNATIONAL AFFAIRS,INTERNET SOFTWARE AND SERVICES,1
1138,INTERNATIONAL AFFAIRS,ROAD AND RAIL,1
1139,INTERNATIONAL AFFAIRS,TRADING COMPANIES AND DISTRIBUTORS,1
1140,INTERNATIONAL TRADE AND DEVELOPMENT,BANKS,1
1141,INTERNATIONAL TRADE AND DEVELOPMENT,COMMERCIAL SERVICES AND SUPPLIES,2
1142,INTERNATIONAL TRADE AND DEVELOPMENT,FOOD PRODUCTS,1
1143,INTERNATIONAL TRADE AND DEVELOPMENT,INDUSTRIAL CONGLOMERATES,1
1144,INTERNATIONAL TRADE AND DEVELOPMENT,INFORMATION TECHNOLOGY AND SERVICES,1
1145,INTERNATIONAL TRADE AND DEVELOPMENT,INTERNATIONAL TRADE AND DEVELOPMENT,7
1146,INTERNATIONAL TRADE AND DEVELOPMENT,MARKETING AND ADVERTISING,1
1147,INTERNATIONAL TRADE AND DEVELOPMENT,OIL AND ENERGY,1
1148,INTERNATIONAL TRADE AND DEVELOPMENT,PROFESSIONAL SERVICES,1
1149,INTERNATIONAL TRADE AND DEVELOPMENT,TRADING COMPANIES AND DISTRIBUTORS,3
1150,INTERNET, MEDIA,1
1151,INTERNET,AIR FREIGHT AND LOGISTICS,4
1152,INTERNET,APPAREL AND FASHION,1
1153,INTERNET,AUTOMOTIVE,6
1154,INTERNET,BANKING,2
1155,INTERNET,BANKS,2
1156,INTERNET,BUILDING MATERIALS,1
1157,INTERNET,CAPITAL MARKETS,13
1158,INTERNET,COMMERCIAL SERVICES AND SUPPLIES,9
1159,INTERNET,COMMUNICATIONS EQUIPMENT,136
1160,INTERNET,COMPUTER GAMES,1
1161,INTERNET,COMPUTER SOFTWARE,121
1162,INTERNET,CONSTRUCTION AND ENGINEERING,1
1163,INTERNET,CONSUMER DURABLES AND APPAREL,1
1164,INTERNET,CONSUMER STAPLES,1
1165,INTERNET,DESIGN,1
1166,INTERNET,DISTRIBUTORS,1
1167,INTERNET,DIVERSIFIED CONSUMER SERVICES,15
1168,INTERNET,DIVERSIFIED FINANCIAL SERVICES,12
1169,INTERNET,DIVERSIFIED TELECOMMUNICATION SERVICES,5
1170,INTERNET,E-LEARNING,1
1171,INTERNET,EDUCATION SERVICES,2
1172,INTERNET,FINANCIAL SERVICES,1
1173,INTERNET,FOOD AND STAPLES RETAILING,2
1174,INTERNET,FOOD PRODUCTION,1
1175,INTERNET,FOOD PRODUCTS,4
1176,INTERNET,GOVERNMENT ADMINISTRATION,1
1177,INTERNET,HEALTH CARE PROVIDERS AND SERVICES,5
1178,INTERNET,"HEALTH, WELLNESS AND FITNESS",1
1179,INTERNET,HOSPITALITY,2
1180,INTERNET,"HOTELS, RESTAURANTS AND LEISURE",26
1181,INTERNET,HOUSEHOLD DURABLES,2
1182,INTERNET,INFORMATION SERVICES,1
1183,INTERNET,INFORMATION TECHNOLOGY AND SERVICES,5
1184,INTERNET,INSURANCE,1
1185,INTERNET,INTERNET SOFTWARE AND SERVICES,171
1186,INTERNET,IT SERVICES,2
1187,INTERNET,LAW PRACTICE,1
1188,INTERNET,LEISURE PRODUCTS,1
1189,INTERNET,"LEISURE, TRAVEL AND TOURISM",1
1190,INTERNET,MARKETING AND ADVERTISING,2
1191,INTERNET,MEDIA,73
1192,INTERNET,MEDIA PRODUCTION,1
1193,INTERNET,ONLINE MEDIA,2
1194,INTERNET,PERSONAL PRODUCTS,5
1195,INTERNET,PHARMACEUTICALS,3
1196,INTERNET,PHOTOGRAPHY,1
1197,INTERNET,PROFESSIONAL SERVICES,19
1198,INTERNET,PUBLISHING,1
1199,INTERNET,REAL ESTATE,5
1200,INTERNET,RETAIL,2
1201,INTERNET,ROAD AND RAIL,1
1202,INTERNET,SOFTWARE,2
1203,INTERNET,SPECIALIZED CONSUMER SERVICES,1
1204,INTERNET,SPECIALTY RETAIL,2
1205,INTERNET,TELECOMMUNICATIONS,1
1206,INTERNET,"TEXTILES, APPAREL AND LUXURY GOODS",20
1207,INTERNET,WIRELESS TELECOMMUNICATION SERVICES,5
1208,INVESTMENT BANKING,BANKS,2
1209,INVESTMENT BANKING,CAPITAL MARKETS,10
1210,INVESTMENT BANKING,DIVERSIFIED FINANCIAL SERVICES,8
1211,INVESTMENT BANKING,FINANCIAL SERVICES,1
1212,INVESTMENT BANKING,INVESTMENT BANKING,4
1213,INVESTMENT MANAGEMENT,CAPITAL MARKETS,21
1214,INVESTMENT MANAGEMENT,DIVERSIFIED FINANCIAL SERVICES,7
1215,INVESTMENT MANAGEMENT,EDUCATION SERVICES,1
1216,INVESTMENT MANAGEMENT,FINANCIAL SERVICES,1
1217,INVESTMENT MANAGEMENT,INDUSTRIAL CONGLOMERATES,1
1218,INVESTMENT MANAGEMENT,INVESTMENT MANAGEMENT,23
1219,INVESTMENT MANAGEMENT,MEDIA,1
1220,INVESTMENT MANAGEMENT,VENTURE CAPITAL AND PRIVATE EQUITY,1
1221,JUDICIARY,NEWSPAPERS,1
1222,LAW ENFORCEMENT,AUTOMOTIVE,2
1223,LAW ENFORCEMENT,COMMERCIAL SERVICES AND SUPPLIES,1
1224,LAW ENFORCEMENT,GOVERNMENT ADMINISTRATION,2
1225,LAW ENFORCEMENT,LAW ENFORCEMENT,5
1226,LAW ENFORCEMENT,LAW PRACTICE,1
1227,LAW PRACTICE,AVIATION AND AEROSPACE,1
1228,LAW PRACTICE,ENVIRONMENTAL SERVICES,1
1229,LAW PRACTICE,FINANCIAL SERVICES,1
1230,LAW PRACTICE,HEALTH CARE PROVIDERS AND SERVICES,1
1231,LAW PRACTICE,INSURANCE,2
1232,LAW PRACTICE,INTERNET SOFTWARE AND SERVICES,1
1233,LAW PRACTICE,JUDICIARY,1
1234,LAW PRACTICE,LAW PRACTICE,207
1235,LAW PRACTICE,LEGAL SERVICES,9
1236,LAW PRACTICE,MEDIA,1
1237,LAW PRACTICE,SPECIALIZED CONSUMER SERVICES,56
1238,LEGAL SERVICES,COMMERCIAL SERVICES AND SUPPLIES,1
1239,LEGAL SERVICES,COMMUNICATIONS EQUIPMENT,1
1240,LEGAL SERVICES,EDUCATION SERVICES,1
1241,LEGAL SERVICES,GOVERNMENT ADMINISTRATION,1
1242,LEGAL SERVICES,HIGHER EDUCATION,1
1243,LEGAL SERVICES,HOSPITAL AND HEALTH CARE,1
1244,LEGAL SERVICES,INTERNET SOFTWARE AND SERVICES,2
1245,LEGAL SERVICES,LAW PRACTICE,7
1246,LEGAL SERVICES,LEGAL SERVICES,51
1247,LEGAL SERVICES,MEDIA,1
1248,LEGAL SERVICES,PROFESSIONAL SERVICES,2
1249,LEGAL SERVICES,SPECIALIZED CONSUMER SERVICES,39
1250,LEGAL SERVICES,VENTURE CAPITAL AND PRIVATE EQUITY,1
1251,"LEISURE, TRAVEL AND TOURISM",AIRLINES,1
1252,"LEISURE, TRAVEL AND TOURISM",AUTOMOTIVE,3
1253,"LEISURE, TRAVEL AND TOURISM",COMMUNICATIONS EQUIPMENT,4
1254,"LEISURE, TRAVEL AND TOURISM",FOOD AND STAPLES RETAILING,1
1255,"LEISURE, TRAVEL AND TOURISM","HOTELS, RESTAURANTS AND LEISURE",35
1256,"LEISURE, TRAVEL AND TOURISM","LEISURE, TRAVEL AND TOURISM",32
1257,"LEISURE, TRAVEL AND TOURISM",TRANSPORTATION,1
1258,LIBRARIES,COMMERCIAL SERVICES AND SUPPLIES,1
1259,LIBRARIES,COMMUNICATIONS EQUIPMENT,1
1260,LIBRARIES,DIVERSIFIED CONSUMER SERVICES,6
1261,LIBRARIES,GOVERNMENT ADMINISTRATION,1
1262,LIBRARIES,INFORMATION SERVICES,1
1263,LIBRARIES,LIBRARIES,2
1264,LOGISTICS AND SUPPLY CHAIN,AEROSPACE AND DEFENSE,1
1265,LOGISTICS AND SUPPLY CHAIN,AIR FREIGHT AND LOGISTICS,29
1266,LOGISTICS AND SUPPLY CHAIN,AIRLINES/AVIATION,1
1267,LOGISTICS AND SUPPLY CHAIN,AUTOMOTIVE,1
1268,LOGISTICS AND SUPPLY CHAIN,COMMERCIAL SERVICES AND SUPPLIES,2
1269,LOGISTICS AND SUPPLY CHAIN,COMPUTER SOFTWARE,1
1270,LOGISTICS AND SUPPLY CHAIN,CONSTRUCTION AND ENGINEERING,1
1271,LOGISTICS AND SUPPLY CHAIN,DIVERSIFIED CONSUMER SERVICES,4
1272,LOGISTICS AND SUPPLY CHAIN,FOOD AND BEVERAGES,1
1273,LOGISTICS AND SUPPLY CHAIN,FOOD AND STAPLES RETAILING,1
1274,LOGISTICS AND SUPPLY CHAIN,HEALTH CARE PROVIDERS AND SERVICES,1
1275,LOGISTICS AND SUPPLY CHAIN,"HOTELS, RESTAURANTS AND LEISURE",1
1276,LOGISTICS AND SUPPLY CHAIN,INDUSTRIAL CONGLOMERATES,1
1277,LOGISTICS AND SUPPLY CHAIN,INFORMATION TECHNOLOGY AND SERVICES,1
1278,LOGISTICS AND SUPPLY CHAIN,INTERNET SOFTWARE AND SERVICES,4
1279,LOGISTICS AND SUPPLY CHAIN,LOGISTICS AND SUPPLY CHAIN,50
1280,LOGISTICS AND SUPPLY CHAIN,OIL AND ENERGY,1
1281,LOGISTICS AND SUPPLY CHAIN,PHARMACEUTICALS,1
1282,LOGISTICS AND SUPPLY CHAIN,PRINTING,1
1283,LOGISTICS AND SUPPLY CHAIN,PROFESSIONAL SERVICES,1
1284,LOGISTICS AND SUPPLY CHAIN,PUBLISHING,1
1285,LOGISTICS AND SUPPLY CHAIN,SPECIALIZED CONSUMER SERVICES,1
1286,LOGISTICS AND SUPPLY CHAIN,"TEXTILES, APPAREL AND LUXURY GOODS",1
1287,LOGISTICS AND SUPPLY CHAIN,TRANSPORTATION,7
1288,LOGISTICS AND SUPPLY CHAIN,TRANSPORTATION/TRUCKING/RAILROAD,3
1289,LUXURY GOODS AND JEWELRY,APPAREL AND FASHION,2
1290,LUXURY GOODS AND JEWELRY,EDUCATION SERVICES,1
1291,LUXURY GOODS AND JEWELRY,LUXURY GOODS AND JEWELRY,7
1292,LUXURY GOODS AND JEWELRY,"TEXTILES, APPAREL AND LUXURY GOODS",11
1293,LUXURY GOODS AND JEWELRY,WINE AND SPIRITS,1
1294,MACHINERY,AUTOMOTIVE,1
1295,MACHINERY,BUILDING MATERIALS,3
1296,MACHINERY,CONSTRUCTION,1
1297,MACHINERY,CONSTRUCTION AND ENGINEERING,4
1298,MACHINERY,DIVERSIFIED CONSUMER SERVICES,2
1299,MACHINERY,DIVERSIFIED FINANCIAL SERVICES,1
1300,MACHINERY,FOOD PRODUCTS,1
1301,MACHINERY,GAS UTILITIES,1
1302,MACHINERY,INDUSTRIAL CONGLOMERATES,8
1303,MACHINERY,MACHINERY,37
1304,MACHINERY,PROFESSIONAL SERVICES,2
1305,MACHINERY,"TEXTILES, APPAREL AND LUXURY GOODS",1
1306,MACHINERY,TRANSPORTATION,2
1307,MACHINERY,UTILITIES,1
1308,MACHINERY,WHOLESALE,1
1309,MANAGEMENT CONSULTING,AEROSPACE AND DEFENSE,2
1310,MANAGEMENT CONSULTING,BANKS,1
1311,MANAGEMENT CONSULTING,CAPITAL MARKETS,1
1312,MANAGEMENT CONSULTING,CHEMICALS,1
1313,MANAGEMENT CONSULTING,COMMERCIAL SERVICES AND SUPPLIES,2
1314,MANAGEMENT CONSULTING,COMMUNICATIONS EQUIPMENT,2
1315,MANAGEMENT CONSULTING,COMPUTER SOFTWARE,1
1316,MANAGEMENT CONSULTING,DIVERSIFIED CONSUMER SERVICES,3
1317,MANAGEMENT CONSULTING,DIVERSIFIED FINANCIAL SERVICES,5
1318,MANAGEMENT CONSULTING,EDUCATION SERVICES,2
1319,MANAGEMENT CONSULTING,EXECUTIVE OFFICE,1
1320,MANAGEMENT CONSULTING,FINANCIAL SERVICES,1
1321,MANAGEMENT CONSULTING,GAS UTILITIES,3
1322,MANAGEMENT CONSULTING,INFORMATION TECHNOLOGY AND SERVICES,2
1323,MANAGEMENT CONSULTING,INSURANCE,1
1324,MANAGEMENT CONSULTING,INTERNET SOFTWARE AND SERVICES,11
1325,MANAGEMENT CONSULTING,INVESTMENT MANAGEMENT,1
1326,MANAGEMENT CONSULTING,LEGAL SERVICES,1
1327,MANAGEMENT CONSULTING,MANAGEMENT CONSULTING,39
1328,MANAGEMENT CONSULTING,MECHANICAL OR INDUSTRIAL ENGINEERING,1
1329,MANAGEMENT CONSULTING,MEDIA,2
1330,MANAGEMENT CONSULTING,MUSIC,1
1331,MANAGEMENT CONSULTING,PHARMACEUTICALS,3
1332,MANAGEMENT CONSULTING,PROFESSIONAL SERVICES,33
1333,MANAGEMENT CONSULTING,SPECIALIZED CONSUMER SERVICES,3
1334,MANAGEMENT CONSULTING,"TEXTILES, APPAREL AND LUXURY GOODS",1
1335,MANAGEMENT CONSULTING,TRANSPORTATION/TRUCKING/RAILROAD,1
1336,MARITIME,CONSTRUCTION AND ENGINEERING,1
1337,MARITIME,DIVERSIFIED CONSUMER SERVICES,1
1338,MARITIME,GAS UTILITIES,1
1339,MARITIME,"HOTELS, RESTAURANTS AND LEISURE",1
1340,MARITIME,MARINE,2
1341,MARITIME,MARITIME,7
1342,MARITIME,TRANSPORTATION,1
1343,MARKET RESEARCH,COMMERCIAL SERVICES AND SUPPLIES,1
1344,MARKET RESEARCH,COMMUNICATIONS EQUIPMENT,1
1345,MARKET RESEARCH,INFORMATION TECHNOLOGY AND SERVICES,1
1346,MARKET RESEARCH,MARKET RESEARCH,9
1347,MARKET RESEARCH,MEDIA,1
1348,MARKET RESEARCH,MEDICAL DEVICES,1
1349,MARKET RESEARCH,PROFESSIONAL SERVICES,13
1350,MARKETING AND ADVERTISING, MEDIA,3
1351,MARKETING AND ADVERTISING,AIR FREIGHT AND LOGISTICS,1
1352,MARKETING AND ADVERTISING,AUTOMOTIVE,4
1353,MARKETING AND ADVERTISING,BROADCAST MEDIA,1
1354,MARKETING AND ADVERTISING,BUILDING MATERIALS,1
1355,MARKETING AND ADVERTISING,CAPITAL MARKETS,2
1356,MARKETING AND ADVERTISING,CHEMICALS,1
1357,MARKETING AND ADVERTISING,COMMERCIAL SERVICES AND SUPPLIES,14
1358,MARKETING AND ADVERTISING,COMMUNICATIONS EQUIPMENT,16
1359,MARKETING AND ADVERTISING,COMPUTER SOFTWARE,7
1360,MARKETING AND ADVERTISING,DISTRIBUTORS,1
1361,MARKETING AND ADVERTISING,DIVERSIFIED CONSUMER SERVICES,1
1362,MARKETING AND ADVERTISING,DIVERSIFIED FINANCIAL SERVICES,2
1363,MARKETING AND ADVERTISING,DIVERSIFIED TELECOMMUNICATION SERVICES,2
1364,MARKETING AND ADVERTISING,EDUCATION MANAGEMENT,1
1365,MARKETING AND ADVERTISING,ELECTRICAL/ELECTRONIC MANUFACTURING,2
1366,MARKETING AND ADVERTISING,FINANCIAL SERVICES,1
1367,MARKETING AND ADVERTISING,FOOD AND BEVERAGES,1
1368,MARKETING AND ADVERTISING,FOOD PRODUCTS,3
1369,MARKETING AND ADVERTISING,FUND-RAISING,2
1370,MARKETING AND ADVERTISING,GAS UTILITIES,1
1371,MARKETING AND ADVERTISING,HEALTH CARE PROVIDERS AND SERVICES,3
1372,MARKETING AND ADVERTISING,"HEALTH, WELLNESS AND FITNESS",1
1373,MARKETING AND ADVERTISING,HOSPITALITY,1
1374,MARKETING AND ADVERTISING,"HOTELS, RESTAURANTS AND LEISURE",2
1375,MARKETING AND ADVERTISING,INFORMATION TECHNOLOGY AND SERVICES,3
1376,MARKETING AND ADVERTISING,INSURANCE,1
1377,MARKETING AND ADVERTISING,INTERNET SOFTWARE AND SERVICES,20
1378,MARKETING AND ADVERTISING,IT SERVICES,1
1379,MARKETING AND ADVERTISING,LEISURE PRODUCTS,1
1380,MARKETING AND ADVERTISING,LOGISTICS AND SUPPLY CHAIN,1
1381,MARKETING AND ADVERTISING,MACHINERY,1
1382,MARKETING AND ADVERTISING,MANAGEMENT CONSULTING,2
1383,MARKETING AND ADVERTISING,MARKET RESEARCH,1
1384,MARKETING AND ADVERTISING,MARKETING AND ADVERTISING,84
1385,MARKETING AND ADVERTISING,MEDIA,143
1386,MARKETING AND ADVERTISING,NEWSPAPERS,1
1387,MARKETING AND ADVERTISING,OUTSOURCING/OFFSHORING,1
1388,MARKETING AND ADVERTISING,PERSONAL PRODUCTS,2
1389,MARKETING AND ADVERTISING,PHARMACEUTICALS,1
1390,MARKETING AND ADVERTISING,PHOTOGRAPHY,1
1391,MARKETING AND ADVERTISING,PROFESSIONAL SERVICES,16
1392,MARKETING AND ADVERTISING,REAL ESTATE,2
1393,MARKETING AND ADVERTISING,RELIGIOUS INSTITUTIONS,1
1394,MARKETING AND ADVERTISING,SOFTWARE,4
1395,MARKETING AND ADVERTISING,SPECIALTY RETAIL,1
1396,MARKETING AND ADVERTISING,TEXTILES,1
1397,MARKETING AND ADVERTISING,"TEXTILES, APPAREL AND LUXURY GOODS",3
1398,MARKETING AND ADVERTISING,TRADING COMPANIES AND DISTRIBUTORS,2
1399,MARKETING AND ADVERTISING,TRANSPORTATION,1
1400,MARKETING AND ADVERTISING,WIRELESS TELECOMMUNICATION SERVICES,1
1401,MECHANICAL OR INDUSTRIAL ENGINEERING,AUTOMOTIVE,1
1402,MECHANICAL OR INDUSTRIAL ENGINEERING,CHEMICALS,2
1403,MECHANICAL OR INDUSTRIAL ENGINEERING,CONSTRUCTION AND ENGINEERING,13
1404,MECHANICAL OR INDUSTRIAL ENGINEERING,DIVERSIFIED CONSUMER SERVICES,6
1405,MECHANICAL OR INDUSTRIAL ENGINEERING,ELECTRIC UTILITIES,1
1406,MECHANICAL OR INDUSTRIAL ENGINEERING,FOOD PRODUCTS,1
1407,MECHANICAL OR INDUSTRIAL ENGINEERING,GAS UTILITIES,3
1408,MECHANICAL OR INDUSTRIAL ENGINEERING,HOUSEHOLD DURABLES,1
1409,MECHANICAL OR INDUSTRIAL ENGINEERING,INDUSTRIAL CONGLOMERATES,8
1410,MECHANICAL OR INDUSTRIAL ENGINEERING,INTERNET SOFTWARE AND SERVICES,2
1411,MECHANICAL OR INDUSTRIAL ENGINEERING,IT SERVICES,1
1412,MECHANICAL OR INDUSTRIAL ENGINEERING,MACHINERY,4
1413,MECHANICAL OR INDUSTRIAL ENGINEERING,MARITIME,1
1414,MECHANICAL OR INDUSTRIAL ENGINEERING,MECHANICAL OR INDUSTRIAL ENGINEERING,18
1415,MECHANICAL OR INDUSTRIAL ENGINEERING,MEDICAL DEVICES,1
1416,MECHANICAL OR INDUSTRIAL ENGINEERING,PROFESSIONAL SERVICES,1
1417,MECHANICAL OR INDUSTRIAL ENGINEERING,SPECIALTY RETAIL,1
1418,MEDIA PRODUCTION,BANKING,1
1419,MEDIA PRODUCTION,BROADCAST MEDIA,1
1420,MEDIA PRODUCTION,DESIGN,1
1421,MEDIA PRODUCTION,"HOTELS, RESTAURANTS AND LEISURE",1
1422,MEDIA PRODUCTION,INTERNET SOFTWARE AND SERVICES,1
1423,MEDIA PRODUCTION,MEDIA,20
1424,MEDIA PRODUCTION,MEDIA PRODUCTION,10
1425,MEDIA PRODUCTION,NEWSPAPERS,2
1426,MEDIA PRODUCTION,ONLINE MEDIA,1
1427,MEDIA PRODUCTION,PUBLIC SAFETY,1
1428,MEDIA PRODUCTION,"TEXTILES, APPAREL AND LUXURY GOODS",1
1429,MEDICAL DEVICES,AEROSPACE AND DEFENSE,2
1430,MEDICAL DEVICES,BIOTECHNOLOGY,2
1431,MEDICAL DEVICES,COMMERCIAL SERVICES AND SUPPLIES,2
1432,MEDICAL DEVICES,COMMUNICATIONS EQUIPMENT,4
1433,MEDICAL DEVICES,DIVERSIFIED TELECOMMUNICATION SERVICES,1
1434,MEDICAL DEVICES,"ELECTRONIC EQUIPMENT, INSTRUMENTS AND COMPONENTS",1
1435,MEDICAL DEVICES,HEALTH CARE EQUIPMENT AND SUPPLIES,1
1436,MEDICAL DEVICES,HEALTH CARE PROVIDERS AND SERVICES,9
1437,MEDICAL DEVICES,"HEALTH, WELLNESS AND FITNESS",1
1438,MEDICAL DEVICES,HOSPITAL AND HEALTH CARE,1
1439,MEDICAL DEVICES,"HOTELS, RESTAURANTS AND LEISURE",1
1440,MEDICAL DEVICES,HOUSEHOLD DURABLES,2
1441,MEDICAL DEVICES,INDUSTRIAL CONGLOMERATES,2
1442,MEDICAL DEVICES,INTERNET SOFTWARE AND SERVICES,2
1443,MEDICAL DEVICES,MEDIA,1
1444,MEDICAL DEVICES,MEDICAL DEVICES,47
1445,MEDICAL DEVICES,NON-PROFIT ORGANIZATION MANAGEMENT,1
1446,MEDICAL DEVICES,PHARMACEUTICALS,49
1447,MEDICAL DEVICES,PROFESSIONAL SERVICES,2
1448,MEDICAL PRACTICE,AEROSPACE AND DEFENSE,1
1449,MEDICAL PRACTICE,HEALTH CARE PROVIDERS AND SERVICES,4
1450,MEDICAL PRACTICE,"HEALTH, WELLNESS AND FITNESS",1
1451,MEDICAL PRACTICE,HOSPITAL AND HEALTH CARE,3
1452,MEDICAL PRACTICE,HOSPITALITY,1
1453,MEDICAL PRACTICE,MANAGEMENT CONSULTING,1
1454,MEDICAL PRACTICE,MEDICAL PRACTICE,3
1455,MEDICAL PRACTICE,PHARMACEUTICALS,9
1456,MEDICAL PRACTICE,RETAIL,1
1457,MENTAL HEALTH CARE,AUTOMOTIVE,1
1458,MENTAL HEALTH CARE,FAMILY SERVICES,1
1459,MENTAL HEALTH CARE,HEALTH CARE PROVIDERS AND SERVICES,2
1460,MENTAL HEALTH CARE,HOSPITAL AND HEALTH CARE,5
1461,MENTAL HEALTH CARE,INSURANCE,1
1462,MENTAL HEALTH CARE,LAW PRACTICE,1
1463,MENTAL HEALTH CARE,MENTAL HEALTH CARE,3
1464,MENTAL HEALTH CARE,PHARMACEUTICALS,1
1465,MENTAL HEALTH CARE,PROFESSIONAL SERVICES,1
1466,MILITARY,AEROSPACE AND DEFENSE,6
1467,MILITARY,CONSTRUCTION AND ENGINEERING,1
1468,MINING AND METALS,BUILDING MATERIALS,2
1469,MINING AND METALS,CHEMICALS,2
1470,MINING AND METALS,COMMERCIAL SERVICES AND SUPPLIES,1
1471,MINING AND METALS,COMMUNICATIONS EQUIPMENT,1
1472,MINING AND METALS,CONSTRUCTION AND ENGINEERING,2
1473,MINING AND METALS,DIVERSIFIED FINANCIAL SERVICES,1
1474,MINING AND METALS,GAS UTILITIES,2
1475,MINING AND METALS,METALS AND MINING,10
1476,MINING AND METALS,MINING AND METALS,26
1477,MOTION PICTURES AND FILM,DIVERSIFIED TELECOMMUNICATION SERVICES,1
1478,MOTION PICTURES AND FILM,MEDIA,1
1479,MOTION PICTURES AND FILM,MOTION PICTURES AND FILM,2
1480,MOTION PICTURES AND FILM,RETAIL,1
1481,MUSEUMS AND INSTITUTIONS,AIR FREIGHT AND LOGISTICS,1
1482,MUSEUMS AND INSTITUTIONS,EDUCATION SERVICES,1
1483,MUSEUMS AND INSTITUTIONS,"HOTELS, RESTAURANTS AND LEISURE",2
1484,MUSEUMS AND INSTITUTIONS,MUSEUMS AND INSTITUTIONS,2
1485,MUSIC,AUTOMOTIVE,1
1486,MUSIC,COMMUNICATIONS EQUIPMENT,13
1487,MUSIC,INTERNET SOFTWARE AND SERVICES,1
1488,MUSIC,LAW PRACTICE,1
1489,MUSIC,MEDIA,5
1490,MUSIC,MUSIC,7
1491,MUSIC,PROFESSIONAL SERVICES,1
1492,MUSIC,RELIGIOUS INSTITUTIONS,1
1493,NANOTECHNOLOGY,"ELECTRONIC EQUIPMENT, INSTRUMENTS AND COMPONENTS",2
1494,NANOTECHNOLOGY,INDUSTRIAL CONGLOMERATES,1
1495,NANOTECHNOLOGY,INTERNET SOFTWARE AND SERVICES,1
1496,NEWSPAPERS,BROADCAST MEDIA,1
1497,NEWSPAPERS,COMMUNICATIONS EQUIPMENT,1
1498,NEWSPAPERS,DIVERSIFIED CONSUMER SERVICES,1
1499,NEWSPAPERS,"HOTELS, RESTAURANTS AND LEISURE",1
1500,NEWSPAPERS,MEDIA,13
1501,NEWSPAPERS,NEWSPAPERS,7
1502,NEWSPAPERS,PHARMACEUTICALS,1
1503,NEWSPAPERS,PUBLISHING,1
1504,NONPROFIT ORGANIZATION MANAGEMENT,AEROSPACE AND DEFENSE,1
1505,NONPROFIT ORGANIZATION MANAGEMENT,BIOTECHNOLOGY,1
1506,NONPROFIT ORGANIZATION MANAGEMENT,CAPITAL MARKETS,2
1507,NONPROFIT ORGANIZATION MANAGEMENT,COMMERCIAL SERVICES AND SUPPLIES,3
1508,NONPROFIT ORGANIZATION MANAGEMENT,COMMUNICATIONS EQUIPMENT,3
1509,NONPROFIT ORGANIZATION MANAGEMENT,COMPUTER SOFTWARE,2
1510,NONPROFIT ORGANIZATION MANAGEMENT,DIVERSIFIED CONSUMER SERVICES,5
1511,NONPROFIT ORGANIZATION MANAGEMENT,DIVERSIFIED FINANCIAL SERVICES,1
1512,NONPROFIT ORGANIZATION MANAGEMENT,EDUCATION SERVICES,2
1513,NONPROFIT ORGANIZATION MANAGEMENT,FOOD AND STAPLES RETAILING,1
1514,NONPROFIT ORGANIZATION MANAGEMENT,HEALTH CARE PROVIDERS AND SERVICES,3
1515,NONPROFIT ORGANIZATION MANAGEMENT,HIGHER EDUCATION,1
1516,NONPROFIT ORGANIZATION MANAGEMENT,HOSPITALITY,1
1517,NONPROFIT ORGANIZATION MANAGEMENT,"HOTELS, RESTAURANTS AND LEISURE",2
1518,NONPROFIT ORGANIZATION MANAGEMENT,INDUSTRIAL CONGLOMERATES,1
1519,NONPROFIT ORGANIZATION MANAGEMENT,INFORMATION TECHNOLOGY AND SERVICES,1
1520,NONPROFIT ORGANIZATION MANAGEMENT,INTERNET SOFTWARE AND SERVICES,3
1521,NONPROFIT ORGANIZATION MANAGEMENT,MEDIA,1
1522,NONPROFIT ORGANIZATION MANAGEMENT,MENTAL HEALTH CARE,1
1523,NONPROFIT ORGANIZATION MANAGEMENT,NON-PROFIT ORGANIZATION MANAGEMENT,59
1524,NONPROFIT ORGANIZATION MANAGEMENT,PHARMACEUTICALS,5
1525,NONPROFIT ORGANIZATION MANAGEMENT,PROFESSIONAL SERVICES,4
1526,NONPROFIT ORGANIZATION MANAGEMENT,REAL ESTATE,1
1527,NONPROFIT ORGANIZATION MANAGEMENT,RETAIL,1
1528,NONPROFIT ORGANIZATION MANAGEMENT,"TEXTILES, APPAREL AND LUXURY GOODS",3
1529,NONPROFIT ORGANIZATION MANAGEMENT,TRADING COMPANIES AND DISTRIBUTORS,1
1530,OIL AND ENERGY,AUTOMOTIVE,1
1531,OIL AND ENERGY,CAPITAL MARKETS,1
1532,OIL AND ENERGY,CHEMICALS,1
1533,OIL AND ENERGY,COMMERCIAL SERVICES AND SUPPLIES,2
1534,OIL AND ENERGY,COMPUTER SOFTWARE,1
1535,OIL AND ENERGY,CONSTRUCTION,1
1536,OIL AND ENERGY,CONSTRUCTION AND ENGINEERING,3
1537,OIL AND ENERGY,DIVERSIFIED FINANCIAL SERVICES,3
1538,OIL AND ENERGY,EDUCATION SERVICES,1
1539,OIL AND ENERGY,ELECTRIC UTILITIES,1
1540,OIL AND ENERGY,ELECTRICAL EQUIPMENT,4
1541,OIL AND ENERGY,ENVIRONMENTAL SERVICES,1
1542,OIL AND ENERGY,FOOD PRODUCTS,1
1543,OIL AND ENERGY,GAS UTILITIES,66
1544,OIL AND ENERGY,HOUSEHOLD DURABLES,1
1545,OIL AND ENERGY,INTERNET SOFTWARE AND SERVICES,3
1546,OIL AND ENERGY,LEISURE PRODUCTS,1
1547,OIL AND ENERGY,LOGISTICS AND SUPPLY CHAIN,1
1548,OIL AND ENERGY,METALS AND MINING,1
1549,OIL AND ENERGY,OIL AND ENERGY,86
1550,OIL AND ENERGY,PROFESSIONAL SERVICES,2
1551,OIL AND ENERGY,REAL ESTATE,1
1552,OIL AND ENERGY,RENEWABLES AND ENVIRONMENT,1
1553,OIL AND ENERGY,RESEARCH,1
1554,OIL AND ENERGY,"TECHNOLOGY HARDWARE, STORAGE AND PERIPHERALS",1
1555,OIL AND ENERGY,"TEXTILES, APPAREL AND LUXURY GOODS",1
1556,OIL AND ENERGY,TRANSPORTATION,2
1557,OIL AND ENERGY,UTILITIES,7
1558,OIL AND ENERGY,WIRELESS TELECOMMUNICATION SERVICES,1
1559,ONLINE MEDIA,BANKS,2
1560,ONLINE MEDIA,CAPITAL MARKETS,1
1561,ONLINE MEDIA,COMMERCIAL SERVICES AND SUPPLIES,2
1562,ONLINE MEDIA,COMMUNICATIONS EQUIPMENT,5
1563,ONLINE MEDIA,COMPUTER HARDWARE,1
1564,ONLINE MEDIA,DISTRIBUTORS,1
1565,ONLINE MEDIA,DIVERSIFIED CONSUMER SERVICES,1
1566,ONLINE MEDIA,E-LEARNING,1
1567,ONLINE MEDIA,HEALTH CARE PROVIDERS AND SERVICES,1
1568,ONLINE MEDIA,"HOTELS, RESTAURANTS AND LEISURE",2
1569,ONLINE MEDIA,INTERNET SOFTWARE AND SERVICES,3
1570,ONLINE MEDIA,MARKETING AND ADVERTISING,1
1571,ONLINE MEDIA,MEDIA,23
1572,ONLINE MEDIA,ONLINE MEDIA,5
1573,ONLINE MEDIA,PROFESSIONAL SERVICES,1
1574,ONLINE MEDIA,REAL ESTATE,1
1575,OUTSOURCING/OFFSHORING, MEDIA,1
1576,OUTSOURCING/OFFSHORING,COMMERCIAL SERVICES AND SUPPLIES,2
1577,OUTSOURCING/OFFSHORING,COMMUNICATIONS EQUIPMENT,1
1578,OUTSOURCING/OFFSHORING,COMPUTER SOFTWARE,1
1579,OUTSOURCING/OFFSHORING,DIVERSIFIED FINANCIAL SERVICES,1
1580,OUTSOURCING/OFFSHORING,INTERNET SOFTWARE AND SERVICES,4
1581,OUTSOURCING/OFFSHORING,IT SERVICES,7
1582,OUTSOURCING/OFFSHORING,MARKETING AND ADVERTISING,1
1583,OUTSOURCING/OFFSHORING,MEDIA,3
1584,OUTSOURCING/OFFSHORING,OUTSOURCING/OFFSHORING,8
1585,OUTSOURCING/OFFSHORING,PROFESSIONAL SERVICES,4
1586,OUTSOURCING/OFFSHORING,SPECIALIZED CONSUMER SERVICES,1
1587,PACKAGE/FREIGHT DELIVERY,AIR FREIGHT AND LOGISTICS,2
1588,PACKAGE/FREIGHT DELIVERY,DIVERSIFIED CONSUMER SERVICES,1
1589,PACKAGE/FREIGHT DELIVERY,"HOTELS, RESTAURANTS AND LEISURE",1
1590,PACKAGE/FREIGHT DELIVERY,PACKAGE/FREIGHT DELIVERY,3
1591,PACKAGE/FREIGHT DELIVERY,TRANSPORTATION,1
1592,PACKAGING AND CONTAINERS,AIR FREIGHT AND LOGISTICS,1
1593,PACKAGING AND CONTAINERS,CONTAINERS AND PACKAGING,11
1594,PACKAGING AND CONTAINERS,PACKAGING AND CONTAINERS,8
1595,PACKAGING AND CONTAINERS,TRANSPORTATION,1
1596,PAPER AND FOREST PRODUCTS,MACHINERY,1
1597,PAPER AND FOREST PRODUCTS,PAPER AND FOREST PRODUCTS,12
1598,PAPER AND FOREST PRODUCTS,REAL ESTATE,1
1599,PAPER AND FOREST PRODUCTS,TRANSPORTATION,1
1600,PERFORMING ARTS,"TEXTILES, APPAREL AND LUXURY GOODS",2
1601,PHARMACEUTICALS,AIR FREIGHT AND LOGISTICS,1
1602,PHARMACEUTICALS,BIOTECHNOLOGY,3
1603,PHARMACEUTICALS,BUILDING MATERIALS,1
1604,PHARMACEUTICALS,CHEMICALS,2
1605,PHARMACEUTICALS,FOOD PRODUCTS,1
1606,PHARMACEUTICALS,GAS UTILITIES,1
1607,PHARMACEUTICALS,HEALTH CARE PROVIDERS AND SERVICES,3
1608,PHARMACEUTICALS,INSURANCE,1
1609,PHARMACEUTICALS,INTERNET SOFTWARE AND SERVICES,2
1610,PHARMACEUTICALS,IT SERVICES,1
1611,PHARMACEUTICALS,NON-PROFIT ORGANIZATION MANAGEMENT,1
1612,PHARMACEUTICALS,ONLINE MEDIA,1
1613,PHARMACEUTICALS,PHARMACEUTICALS,106
1614,PHILANTHROPY,CAPITAL MARKETS,1
1615,PHILANTHROPY,COMMERCIAL SERVICES AND SUPPLIES,1
1616,PHILANTHROPY,DIVERSIFIED CONSUMER SERVICES,1
1617,PHILANTHROPY,DIVERSIFIED FINANCIAL SERVICES,1
1618,PHILANTHROPY,"HOTELS, RESTAURANTS AND LEISURE",3
1619,PHILANTHROPY,PHILANTHROPY,10
1620,PHILANTHROPY,TRADING COMPANIES AND DISTRIBUTORS,1
1621,PHOTOGRAPHY,COMMERCIAL SERVICES AND SUPPLIES,1
1622,PHOTOGRAPHY,CONSUMER GOODS,1
1623,PHOTOGRAPHY,HOUSEHOLD DURABLES,3
1624,PHOTOGRAPHY,LAW PRACTICE,1
1625,PHOTOGRAPHY,MEDIA,2
1626,PHOTOGRAPHY,PHOTOGRAPHY,1
1627,PLASTICS,APPAREL AND FASHION,1
1628,PLASTICS,BUILDING MATERIALS,1
1629,PLASTICS,CHEMICALS,2
1630,PLASTICS,INDUSTRIAL AUTOMATION,1
1631,PLASTICS,INDUSTRIAL CONGLOMERATES,2
1632,PLASTICS,PLASTICS,4
1633,POLITICAL ORGANIZATION,APPAREL AND FASHION,1
1634,POLITICAL ORGANIZATION,DIVERSIFIED CONSUMER SERVICES,1
1635,POLITICAL ORGANIZATION,"HOTELS, RESTAURANTS AND LEISURE",1
1636,POLITICAL ORGANIZATION,POLITICAL ORGANIZATION,4
1637,PRIMARY/SECONDARY EDUCATION,DIVERSIFIED CONSUMER SERVICES,2
1638,PRIMARY/SECONDARY EDUCATION,E-LEARNING,1
1639,PRIMARY/SECONDARY EDUCATION,EDUCATION SERVICES,10
1640,PRIMARY/SECONDARY EDUCATION,GOVERNMENT ADMINISTRATION,1
1641,PRIMARY/SECONDARY EDUCATION,INTERNET SOFTWARE AND SERVICES,1
1642,PRIMARY/SECONDARY EDUCATION,MACHINERY,1
1643,PRIMARY/SECONDARY EDUCATION,MEDIA,1
1644,PRIMARY/SECONDARY EDUCATION,NON-PROFIT ORGANIZATION MANAGEMENT,1
1645,PRIMARY/SECONDARY EDUCATION,PRIMARY/SECONDARY EDUCATION,2
1646,PRINTING,COMMERCIAL SERVICES AND SUPPLIES,7
1647,PRINTING,COMPUTER SOFTWARE,1
1648,PRINTING,DIVERSIFIED CONSUMER SERVICES,2
1649,PRINTING,DIVERSIFIED FINANCIAL SERVICES,1
1650,PRINTING,INDUSTRIAL CONGLOMERATES,1
1651,PRINTING,INSURANCE,1
1652,PRINTING,INTERNET SOFTWARE AND SERVICES,1
1653,PRINTING,PHARMACEUTICALS,1
1654,PRINTING,PRINTING,13
1655,PRINTING,"TEXTILES, APPAREL AND LUXURY GOODS",2
1656,PRINTING,WIRELESS TELECOMMUNICATION SERVICES,1
1657,PROFESSIONAL TRAINING AND COACHING,COMMUNICATIONS EQUIPMENT,1
1658,PROFESSIONAL TRAINING AND COACHING,CONSUMER GOODS,1
1659,PROFESSIONAL TRAINING AND COACHING,DIVERSIFIED CONSUMER SERVICES,2
1660,PROFESSIONAL TRAINING AND COACHING,EDUCATION SERVICES,1
1661,PROFESSIONAL TRAINING AND COACHING,FAMILY SERVICES,1
1662,PROFESSIONAL TRAINING AND COACHING,FOOD PRODUCTION,1
1663,PROFESSIONAL TRAINING AND COACHING,HEALTH CARE PROVIDERS AND SERVICES,2
1664,PROFESSIONAL TRAINING AND COACHING,"HEALTH, WELLNESS AND FITNESS",1
1665,PROFESSIONAL TRAINING AND COACHING,"HOTELS, RESTAURANTS AND LEISURE",1
1666,PROFESSIONAL TRAINING AND COACHING,INTERNET SOFTWARE AND SERVICES,1
1667,PROFESSIONAL TRAINING AND COACHING,PROFESSIONAL SERVICES,7
1668,PROFESSIONAL TRAINING AND COACHING,PROFESSIONAL TRAINING AND COACHING,9
1669,PROGRAM DEVELOPMENT,DIVERSIFIED CONSUMER SERVICES,2
1670,PROGRAM DEVELOPMENT,HIGHER EDUCATION,1
1671,PROGRAM DEVELOPMENT,INTERNET SOFTWARE AND SERVICES,1
1672,PROGRAM DEVELOPMENT,PROFESSIONAL SERVICES,1
1673,PROGRAM DEVELOPMENT,PROGRAM DEVELOPMENT,1
1674,PUBLIC POLICY,EDUCATION SERVICES,1
1675,PUBLIC POLICY,INTERNET SOFTWARE AND SERVICES,1
1676,PUBLIC POLICY,OIL AND ENERGY,1
1677,PUBLIC POLICY,PUBLIC POLICY,3
1678,PUBLIC RELATIONS AND COMMUNICATIONS, MEDIA,14
1679,PUBLIC RELATIONS AND COMMUNICATIONS,COMMUNICATIONS EQUIPMENT,2
1680,PUBLIC RELATIONS AND COMMUNICATIONS,COMPUTER SOFTWARE,2
1681,PUBLIC RELATIONS AND COMMUNICATIONS,DIVERSIFIED CONSUMER SERVICES,2
1682,PUBLIC RELATIONS AND COMMUNICATIONS,EDUCATION SERVICES,1
1683,PUBLIC RELATIONS AND COMMUNICATIONS,HIGHER EDUCATION,1
1684,PUBLIC RELATIONS AND COMMUNICATIONS,"HOTELS, RESTAURANTS AND LEISURE",1
1685,PUBLIC RELATIONS AND COMMUNICATIONS,INFORMATION TECHNOLOGY AND SERVICES,1
1686,PUBLIC RELATIONS AND COMMUNICATIONS,INTERNET SOFTWARE AND SERVICES,2
1687,PUBLIC RELATIONS AND COMMUNICATIONS,MANAGEMENT CONSULTING,1
1688,PUBLIC RELATIONS AND COMMUNICATIONS,MARKETING AND ADVERTISING,1
1689,PUBLIC RELATIONS AND COMMUNICATIONS,MEDIA,1
1690,PUBLIC RELATIONS AND COMMUNICATIONS,PROFESSIONAL SERVICES,1
1691,PUBLIC RELATIONS AND COMMUNICATIONS,PUBLIC RELATIONS AND COMMUNICATIONS,4
1692,PUBLIC SAFETY,AUTOMOTIVE,1
1693,PUBLIC SAFETY,COMMERCIAL SERVICES AND SUPPLIES,1
1694,PUBLIC SAFETY,DIVERSIFIED CONSUMER SERVICES,1
1695,PUBLIC SAFETY,GAS UTILITIES,1
1696,PUBLIC SAFETY,GOVERNMENT ADMINISTRATION,1
1697,PUBLIC SAFETY,"HOTELS, RESTAURANTS AND LEISURE",1
1698,PUBLIC SAFETY,PUBLIC SAFETY,5
1699,PUBLIC SAFETY,PUBLISHING,1
1700,PUBLISHING,COMMERCIAL SERVICES AND SUPPLIES,2
1701,PUBLISHING,COMMUNICATIONS EQUIPMENT,3
1702,PUBLISHING,CONSUMER GOODS,1
1703,PUBLISHING,DIVERSIFIED CONSUMER SERVICES,1
1704,PUBLISHING,DIVERSIFIED FINANCIAL SERVICES,1
1705,PUBLISHING,FAMILY SERVICES,1
1706,PUBLISHING,FOOD PRODUCTS,2
1707,PUBLISHING,GAS UTILITIES,1
1708,PUBLISHING,"HOTELS, RESTAURANTS AND LEISURE",1
1709,PUBLISHING,HOUSEHOLD DURABLES,1
1710,PUBLISHING,INFORMATION SERVICES,1
1711,PUBLISHING,INTERNET SOFTWARE AND SERVICES,1
1712,PUBLISHING,MEDIA,28
1713,PUBLISHING,PROFESSIONAL SERVICES,1
1714,PUBLISHING,PUBLISHING,37
1715,PUBLISHING,SOFTWARE,1
1716,PUBLISHING,"TEXTILES, APPAREL AND LUXURY GOODS",1
1717,RAILROAD MANUFACTURE,RAILROAD MANUFACTURE,1
1718,RAILROAD MANUFACTURE,ROAD AND RAIL,1
1719,REAL ESTATE,AEROSPACE AND DEFENSE,1
1720,REAL ESTATE,AIR FREIGHT AND LOGISTICS,1
1721,REAL ESTATE,BANKS,1
1722,REAL ESTATE,BUILDING MATERIALS,1
1723,REAL ESTATE,CAPITAL MARKETS,1
1724,REAL ESTATE,COMMUNICATIONS EQUIPMENT,3
1725,REAL ESTATE,COMPUTER SOFTWARE,1
1726,REAL ESTATE,CONSTRUCTION AND ENGINEERING,2
1727,REAL ESTATE,CONTAINERS AND PACKAGING,1
1728,REAL ESTATE,DIVERSIFIED CONSUMER SERVICES,3
1729,REAL ESTATE,DIVERSIFIED FINANCIAL SERVICES,5
1730,REAL ESTATE,EDUCATION MANAGEMENT,1
1731,REAL ESTATE,FINANCIAL SERVICES,1
1732,REAL ESTATE,FOOD PRODUCTS,1
1733,REAL ESTATE,"HEALTH, WELLNESS AND FITNESS",1
1734,REAL ESTATE,"HOTELS, RESTAURANTS AND LEISURE",1
1735,REAL ESTATE,INSURANCE,1
1736,REAL ESTATE,INTERNET SOFTWARE AND SERVICES,4
1737,REAL ESTATE,PAPER AND FOREST PRODUCTS,1
1738,REAL ESTATE,PERSONAL PRODUCTS,1
1739,REAL ESTATE,PROFESSIONAL SERVICES,6
1740,REAL ESTATE,PUBLISHING,1
1741,REAL ESTATE,REAL ESTATE,79
1742,REAL ESTATE,"TEXTILES, APPAREL AND LUXURY GOODS",3
1743,RECREATIONAL FACILITIES AND SERVICES,DIVERSIFIED CONSUMER SERVICES,1
1744,RECREATIONAL FACILITIES AND SERVICES,EDUCATION SERVICES,1
1745,RECREATIONAL FACILITIES AND SERVICES,"HOTELS, RESTAURANTS AND LEISURE",1
1746,RECREATIONAL FACILITIES AND SERVICES,UTILITIES,1
1747,RELIGIOUS INSTITUTIONS,COMMUNICATIONS EQUIPMENT,1
1748,RELIGIOUS INSTITUTIONS,EDUCATION SERVICES,1
1749,RELIGIOUS INSTITUTIONS,FOOD AND STAPLES RETAILING,1
1750,RELIGIOUS INSTITUTIONS,INTERNET SOFTWARE AND SERVICES,1
1751,RELIGIOUS INSTITUTIONS,RELIGIOUS INSTITUTIONS,3
1752,RELIGIOUS INSTITUTIONS,"TEXTILES, APPAREL AND LUXURY GOODS",1
1753,RELIGIOUS INSTITUTIONS,TRANSPORTATION,1
1754,RENEWABLES AND ENVIRONMENT,APPAREL AND FASHION,1
1755,RENEWABLES AND ENVIRONMENT,BANKING,1
1756,RENEWABLES AND ENVIRONMENT,BUILDING MATERIALS,1
1757,RENEWABLES AND ENVIRONMENT,COMMUNICATIONS EQUIPMENT,1
1758,RENEWABLES AND ENVIRONMENT,DIVERSIFIED CONSUMER SERVICES,1
1759,RENEWABLES AND ENVIRONMENT,EDUCATION SERVICES,1
1760,RENEWABLES AND ENVIRONMENT,ENVIRONMENTAL SERVICES,1
1761,RENEWABLES AND ENVIRONMENT,FOOD AND STAPLES RETAILING,1
1762,RENEWABLES AND ENVIRONMENT,FOOD PRODUCTS,1
1763,RENEWABLES AND ENVIRONMENT,GAS UTILITIES,6
1764,RENEWABLES AND ENVIRONMENT,MEDIA,1
1765,RENEWABLES AND ENVIRONMENT,PROFESSIONAL SERVICES,1
1766,RENEWABLES AND ENVIRONMENT,RENEWABLE ELECTRICITY,18
1767,RENEWABLES AND ENVIRONMENT,RENEWABLES AND ENVIRONMENT,15
1768,RESEARCH,AEROSPACE AND DEFENSE,1
1769,RESEARCH,AUTOMOTIVE,1
1770,RESEARCH,BIOTECHNOLOGY,1
1771,RESEARCH,CAPITAL MARKETS,1
1772,RESEARCH,COMMUNICATIONS EQUIPMENT,5
1773,RESEARCH,DIVERSIFIED CONSUMER SERVICES,3
1774,RESEARCH,DIVERSIFIED FINANCIAL SERVICES,1
1775,RESEARCH,DIVERSIFIED TELECOMMUNICATION SERVICES,1
1776,RESEARCH,EDUCATION MANAGEMENT,1
1777,RESEARCH,EDUCATION SERVICES,5
1778,RESEARCH,ELECTRIC UTILITIES,1
1779,RESEARCH,GAS UTILITIES,1
1780,RESEARCH,GOVERNMENT ADMINISTRATION,1
1781,RESEARCH,HEALTH CARE EQUIPMENT AND SUPPLIES,1
1782,RESEARCH,HEALTH CARE PROVIDERS AND SERVICES,1
1783,RESEARCH,HIGHER EDUCATION,2
1784,RESEARCH,"HOTELS, RESTAURANTS AND LEISURE",1
1785,RESEARCH,INDUSTRIAL CONGLOMERATES,1
1786,RESEARCH,MEDICAL DEVICES,1
1787,RESEARCH,OIL AND ENERGY,1
1788,RESEARCH,PHARMACEUTICALS,3
1789,RESEARCH,PROFESSIONAL SERVICES,13
1790,RESEARCH,RESEARCH,29
1791,RESEARCH,THINK TANKS,1
1792,RESEARCH,VENTURE CAPITAL AND PRIVATE EQUITY,1
1793,RESTAURANTS,COMMUNICATIONS EQUIPMENT,1
1794,RESTAURANTS,DISTRIBUTORS,1
1795,RESTAURANTS,FOOD AND STAPLES RETAILING,1
1796,RESTAURANTS,FOOD PRODUCTS,6
1797,RESTAURANTS,"HOTELS, RESTAURANTS AND LEISURE",19
1798,RESTAURANTS,INTERNET SOFTWARE AND SERVICES,1
1799,RESTAURANTS,RESTAURANTS,14
1800,RESTAURANTS,RETAIL,1
1801,RESTAURANTS,SPECIALIZED CONSUMER SERVICES,1
1802,RETAIL,APPAREL AND FASHION,1
1803,RETAIL,AUTOMOTIVE,8
1804,RETAIL,BUILDING MATERIALS,1
1805,RETAIL,COMMERCIAL SERVICES AND SUPPLIES,2
1806,RETAIL,COMMUNICATIONS EQUIPMENT,10
1807,RETAIL,COMPUTER SOFTWARE,4
1808,RETAIL,CONSTRUCTION AND ENGINEERING,1
1809,RETAIL,CONSUMER DISCRETIONARY,5
1810,RETAIL,CONSUMER ELECTRONICS,1
1811,RETAIL,CONSUMER GOODS,1
1812,RETAIL,DISTRIBUTORS,2
1813,RETAIL,DIVERSIFIED CONSUMER SERVICES,4
1814,RETAIL,DIVERSIFIED FINANCIAL SERVICES,1
1815,RETAIL,DIVERSIFIED TELECOMMUNICATION SERVICES,2
1816,RETAIL,EDUCATION SERVICES,1
1817,RETAIL,ELECTRIC UTILITIES,1
1818,RETAIL,FAMILY SERVICES,1
1819,RETAIL,FOOD AND BEVERAGES,1
1820,RETAIL,FOOD AND STAPLES RETAILING,15
1821,RETAIL,FOOD PRODUCTS,24
1822,RETAIL,GAS UTILITIES,3
1823,RETAIL,HEALTH CARE EQUIPMENT AND SUPPLIES,2
1824,RETAIL,HEALTH CARE PROVIDERS AND SERVICES,4
1825,RETAIL,HEALTHCARE PROVIDERS AND SERVICES,1
1826,RETAIL,"HOTELS, RESTAURANTS AND LEISURE",4
1827,RETAIL,HOUSEHOLD DURABLES,9
1828,RETAIL,INDUSTRIAL CONGLOMERATES,1
1829,RETAIL,INSURANCE,3
1830,RETAIL,INTERNET SOFTWARE AND SERVICES,21
1831,RETAIL,INVESTMENT BANKING,1
1832,RETAIL,LEISURE PRODUCTS,6
1833,RETAIL,LOGISTICS AND SUPPLY CHAIN,1
1834,RETAIL,LUXURY GOODS AND JEWELRY,1
1835,RETAIL,MACHINERY,2
1836,RETAIL,MEDIA,4
1837,RETAIL,PERSONAL PRODUCTS,7
1838,RETAIL,PHARMACEUTICALS,1
1839,RETAIL,PRINTING,1
1840,RETAIL,PROFESSIONAL SERVICES,2
1841,RETAIL,RENEWABLES AND ENVIRONMENT,1
1842,RETAIL,RETAIL,150
1843,RETAIL,SPECIALIZED CONSUMER SERVICES,1
1844,RETAIL,SPECIALTY RETAIL,33
1845,RETAIL,STAFFING AND RECRUITING,1
1846,RETAIL,SUPERMARKETS,1
1847,RETAIL,"TECHNOLOGY HARDWARE, STORAGE AND PERIPHERALS",2
1848,RETAIL,"TEXTILES, APPAREL AND LUXURY GOODS",112
1849,RETAIL,TRANSPORTATION,1
1850,RETAIL,TRANSPORTATION/TRUCKING/RAILROAD,1
1851,SECURITY AND INVESTIGATIONS,AEROSPACE AND DEFENSE,1
1852,SECURITY AND INVESTIGATIONS,COMMERCIAL SERVICES AND SUPPLIES,1
1853,SECURITY AND INVESTIGATIONS,COMMUNICATIONS EQUIPMENT,2
1854,SECURITY AND INVESTIGATIONS,DIVERSIFIED CONSUMER SERVICES,8
1855,SECURITY AND INVESTIGATIONS,EDUCATION SERVICES,1
1856,SECURITY AND INVESTIGATIONS,FOOD AND STAPLES RETAILING,1
1857,SECURITY AND INVESTIGATIONS,GOVERNMENT ADMINISTRATION,2
1858,SECURITY AND INVESTIGATIONS,INTERNET SOFTWARE AND SERVICES,1
1859,SECURITY AND INVESTIGATIONS,MANAGEMENT CONSULTING,1
1860,SECURITY AND INVESTIGATIONS,PROFESSIONAL SERVICES,1
1861,SECURITY AND INVESTIGATIONS,SECURITY AND INVESTIGATIONS,6
1862,SEMICONDUCTORS,BIOTECHNOLOGY,1
1863,SEMICONDUCTORS,BUILDING MATERIALS,1
1864,SEMICONDUCTORS,CHEMICALS,2
1865,SEMICONDUCTORS,COMMUNICATIONS EQUIPMENT,2
1866,SEMICONDUCTORS,DIVERSIFIED CONSUMER SERVICES,1
1867,SEMICONDUCTORS,ELECTRICAL EQUIPMENT,2
1868,SEMICONDUCTORS,"ELECTRONIC EQUIPMENT, INSTRUMENTS AND COMPONENTS",1
1869,SEMICONDUCTORS,HOUSEHOLD DURABLES,5
1870,SEMICONDUCTORS,INDUSTRIAL CONGLOMERATES,4
1871,SEMICONDUCTORS,INTERNET SOFTWARE AND SERVICES,4
1872,SEMICONDUCTORS,RENEWABLE ELECTRICITY,1
1873,SEMICONDUCTORS,SEMICONDUCTORS,11
1874,SEMICONDUCTORS,"TECHNOLOGY HARDWARE, STORAGE AND PERIPHERALS",25
1875,SEMICONDUCTORS,TOBACCO,1
1876,SEMICONDUCTORS,WIRELESS TELECOMMUNICATION SERVICES,1
1877,SHIPBUILDING,MARINE,1
1878,SHIPBUILDING,SHIPBUILDING,1
1879,SPORTING GOODS,LEISURE PRODUCTS,4
1880,SPORTING GOODS,MEDICAL DEVICES,1
1881,SPORTING GOODS,SPORTING GOODS,7
1882,SPORTING GOODS,"TEXTILES, APPAREL AND LUXURY GOODS",6
1883,SPORTS,AUTOMOTIVE,1
1884,SPORTS,COMMUNICATIONS EQUIPMENT,6
1885,SPORTS,DIVERSIFIED FINANCIAL SERVICES,2
1886,SPORTS,FINANCIAL SERVICES,1
1887,SPORTS,"HOTELS, RESTAURANTS AND LEISURE",1
1888,SPORTS,LEISURE PRODUCTS,19
1889,SPORTS,SPORTING GOODS,1
1890,SPORTS,SPORTS,24
1891,SPORTS,"TEXTILES, APPAREL AND LUXURY GOODS",2
1892,STAFFING AND RECRUITING,BIOTECHNOLOGY,1
1893,STAFFING AND RECRUITING,COMMUNICATIONS EQUIPMENT,4
1894,STAFFING AND RECRUITING,COMPUTER SOFTWARE,1
1895,STAFFING AND RECRUITING,CONSUMER GOODS,1
1896,STAFFING AND RECRUITING,DIVERSIFIED FINANCIAL SERVICES,1
1897,STAFFING AND RECRUITING,HIGHER EDUCATION,1
1898,STAFFING AND RECRUITING,HOSPITAL AND HEALTH CARE,1
1899,STAFFING AND RECRUITING,INFORMATION TECHNOLOGY AND SERVICES,3
1900,STAFFING AND RECRUITING,INTERNET SOFTWARE AND SERVICES,1
1901,STAFFING AND RECRUITING,LEGAL SERVICES,1
1902,STAFFING AND RECRUITING,PROFESSIONAL SERVICES,22
1903,STAFFING AND RECRUITING,REAL ESTATE,1
1904,STAFFING AND RECRUITING,SPECIALIZED CONSUMER SERVICES,1
1905,STAFFING AND RECRUITING,STAFFING AND RECRUITING,17
1906,SUPERMARKETS,FOOD AND STAPLES RETAILING,7
1907,SUPERMARKETS,FOOD PRODUCTS,1
1908,SUPERMARKETS,RETAIL,2
1909,SUPERMARKETS,SUPERMARKETS,7
1910,TELECOMMUNICATIONS,AEROSPACE AND DEFENSE,1
1911,TELECOMMUNICATIONS,AIR FREIGHT AND LOGISTICS,1
1912,TELECOMMUNICATIONS,CAPITAL MARKETS,1
1913,TELECOMMUNICATIONS,COMMERCIAL SERVICES AND SUPPLIES,1
1914,TELECOMMUNICATIONS,COMMUNICATIONS EQUIPMENT,40
1915,TELECOMMUNICATIONS,COMPUTER AND NETWORK SECURITY,1
1916,TELECOMMUNICATIONS,COMPUTER GAMES,1
1917,TELECOMMUNICATIONS,COMPUTER SOFTWARE,3
1918,TELECOMMUNICATIONS,CONSTRUCTION,1
1919,TELECOMMUNICATIONS,CONSUMER ELECTRONICS,1
1920,TELECOMMUNICATIONS,DISTRIBUTORS,1
1921,TELECOMMUNICATIONS,DIVERSIFIED CONSUMER SERVICES,6
1922,TELECOMMUNICATIONS,DIVERSIFIED FINANCIAL SERVICES,1
1923,TELECOMMUNICATIONS,DIVERSIFIED TELECOMMUNICATION SERVICES,93
1924,TELECOMMUNICATIONS,EDUCATION SERVICES,1
1925,TELECOMMUNICATIONS,ELECTRICAL EQUIPMENT,4
1926,TELECOMMUNICATIONS,"ELECTRONIC EQUIPMENT, INSTRUMENTS AND COMPONENTS",1
1927,TELECOMMUNICATIONS,FAMILY SERVICES,1
1928,TELECOMMUNICATIONS,FINANCIAL SERVICES,1
1929,TELECOMMUNICATIONS,FURNITURE,1
1930,TELECOMMUNICATIONS,GAS UTILITIES,1
1931,TELECOMMUNICATIONS,HEALTH CARE PROVIDERS AND SERVICES,1
1932,TELECOMMUNICATIONS,"HOTELS, RESTAURANTS AND LEISURE",2
1933,TELECOMMUNICATIONS,HOUSEHOLD DURABLES,6
1934,TELECOMMUNICATIONS,INDUSTRIAL CONGLOMERATES,3
1935,TELECOMMUNICATIONS,INFORMATION TECHNOLOGY AND SERVICES,5
1936,TELECOMMUNICATIONS,INTERNET SOFTWARE AND SERVICES,17
1937,TELECOMMUNICATIONS,IT SERVICES,1
1938,TELECOMMUNICATIONS,MARKETING AND ADVERTISING,1
1939,TELECOMMUNICATIONS,MEDIA,5
1940,TELECOMMUNICATIONS,NEWSPAPERS,1
1941,TELECOMMUNICATIONS,PROFESSIONAL SERVICES,6
1942,TELECOMMUNICATIONS,ROAD AND RAIL,1
1943,TELECOMMUNICATIONS,SPECIALIZED CONSUMER SERVICES,1
1944,TELECOMMUNICATIONS,SPECIALTY RETAIL,1
1945,TELECOMMUNICATIONS,TELECOMMUNICATIONS,122
1946,TELECOMMUNICATIONS,"TEXTILES, APPAREL AND LUXURY GOODS",1
1947,TELECOMMUNICATIONS,TRANSPORTATION,2
1948,TELECOMMUNICATIONS,UTILITIES,1
1949,TELECOMMUNICATIONS,WIRELESS TELECOMMUNICATION SERVICES,47
1950,TEXTILES,APPAREL AND FASHION,4
1951,TEXTILES,CONSTRUCTION AND ENGINEERING,1
1952,TEXTILES,DIVERSIFIED TELECOMMUNICATION SERVICES,1
1953,TEXTILES,INDUSTRIAL CONGLOMERATES,1
1954,TEXTILES,SPECIALTY RETAIL,1
1955,TEXTILES,"TECHNOLOGY HARDWARE, STORAGE AND PERIPHERALS",1
1956,TEXTILES,TEXTILES,5
1957,TEXTILES,"TEXTILES, APPAREL AND LUXURY GOODS",2
1958,THINK TANKS,COMMERCIAL SERVICES AND SUPPLIES,1
1959,THINK TANKS,INTERNET SOFTWARE AND SERVICES,1
1960,THINK TANKS,MEDIA,1
1961,THINK TANKS,PROFESSIONAL SERVICES,2
1962,THINK TANKS,"TEXTILES, APPAREL AND LUXURY GOODS",1
1963,THINK TANKS,THINK TANKS,2
1964,THINK TANKS,TRADING COMPANIES AND DISTRIBUTORS,1
1965,TOBACCO,TOBACCO,8
1966,TRANSLATION AND LOCALIZATION,INTERNET SOFTWARE AND SERVICES,1
1967,TRANSLATION AND LOCALIZATION,MEDIA,1
1968,TRANSLATION AND LOCALIZATION,PROFESSIONAL SERVICES,5
1969,TRANSLATION AND LOCALIZATION,TRANSLATION AND LOCALIZATION,3
1970,TRANSPORTATION/TRUCKING/RAILROAD,AIR FREIGHT AND LOGISTICS,8
1971,TRANSPORTATION/TRUCKING/RAILROAD,AUTOMOTIVE,3
1972,TRANSPORTATION/TRUCKING/RAILROAD,BUILDING MATERIALS,1
1973,TRANSPORTATION/TRUCKING/RAILROAD,COMMERCIAL SERVICES AND SUPPLIES,2
1974,TRANSPORTATION/TRUCKING/RAILROAD,COMMUNICATIONS EQUIPMENT,2
1975,TRANSPORTATION/TRUCKING/RAILROAD,CONSTRUCTION AND ENGINEERING,1
1976,TRANSPORTATION/TRUCKING/RAILROAD,DIVERSIFIED CONSUMER SERVICES,2
1977,TRANSPORTATION/TRUCKING/RAILROAD,FINANCIAL SERVICES,1
1978,TRANSPORTATION/TRUCKING/RAILROAD,GAS UTILITIES,2
1979,TRANSPORTATION/TRUCKING/RAILROAD,GOVERNMENT ADMINISTRATION,1
1980,TRANSPORTATION/TRUCKING/RAILROAD,"HOTELS, RESTAURANTS AND LEISURE",2
1981,TRANSPORTATION/TRUCKING/RAILROAD,INFORMATION TECHNOLOGY AND SERVICES,1
1982,TRANSPORTATION/TRUCKING/RAILROAD,INTERNET SOFTWARE AND SERVICES,1
1983,TRANSPORTATION/TRUCKING/RAILROAD,"LEISURE, TRAVEL AND TOURISM",1
1984,TRANSPORTATION/TRUCKING/RAILROAD,LOGISTICS AND SUPPLY CHAIN,2
1985,TRANSPORTATION/TRUCKING/RAILROAD,MANAGEMENT CONSULTING,1
1986,TRANSPORTATION/TRUCKING/RAILROAD,MARITIME,2
1987,TRANSPORTATION/TRUCKING/RAILROAD,ROAD AND RAIL,11
1988,TRANSPORTATION/TRUCKING/RAILROAD,"TEXTILES, APPAREL AND LUXURY GOODS",1
1989,TRANSPORTATION/TRUCKING/RAILROAD,TRANSPORTATION,24
1990,TRANSPORTATION/TRUCKING/RAILROAD,TRANSPORTATION/TRUCKING/RAILROAD,49
1991,UTILITIES,AUTOMOTIVE,1
1992,UTILITIES,CONSTRUCTION AND ENGINEERING,1
1993,UTILITIES,DIVERSIFIED CONSUMER SERVICES,6
1994,UTILITIES,DIVERSIFIED FINANCIAL SERVICES,1
1995,UTILITIES,ELECTRIC UTILITIES,10
1996,UTILITIES,ELECTRICAL EQUIPMENT,9
1997,UTILITIES,ELECTRICAL/ELECTRONIC MANUFACTURING,1
1998,UTILITIES,FACILITIES SERVICES,1
1999,UTILITIES,GAS UTILITIES,7
2000,UTILITIES,GOVERNMENT ADMINISTRATION,1
2001,UTILITIES,OIL AND ENERGY,1
2002,UTILITIES,PROFESSIONAL SERVICES,3
2003,UTILITIES,RENEWABLE ELECTRICITY,1
2004,UTILITIES,RENEWABLES AND ENVIRONMENT,1
2005,UTILITIES,"TECHNOLOGY HARDWARE, STORAGE AND PERIPHERALS",1
2006,UTILITIES,UTILITIES,119
2007,VENTURE CAPITAL AND PRIVATE EQUITY,BANKS,1
2008,VENTURE CAPITAL AND PRIVATE EQUITY,CAPITAL MARKETS,31
2009,VENTURE CAPITAL AND PRIVATE EQUITY,COMMUNICATIONS EQUIPMENT,1
2010,VENTURE CAPITAL AND PRIVATE EQUITY,CONSTRUCTION AND ENGINEERING,1
2011,VENTURE CAPITAL AND PRIVATE EQUITY,DIVERSIFIED FINANCIAL SERVICES,8
2012,VENTURE CAPITAL AND PRIVATE EQUITY,GAS UTILITIES,1
2013,VENTURE CAPITAL AND PRIVATE EQUITY,INTERNET SOFTWARE AND SERVICES,1
2014,VENTURE CAPITAL AND PRIVATE EQUITY,VENTURE CAPITAL AND PRIVATE EQUITY,15
2015,VETERINARY,HEALTH CARE PROVIDERS AND SERVICES,1
2016,VETERINARY,VETERINARY,1
2017,WAREHOUSING,AIR FREIGHT AND LOGISTICS,1
2018,WAREHOUSING,AUTOMOTIVE,2
2019,WAREHOUSING,GOVERNMENT ADMINISTRATION,1
2020,WAREHOUSING,"LEISURE, TRAVEL AND TOURISM",1
2021,WAREHOUSING,PERSONAL PRODUCTS,1
2022,WAREHOUSING,WAREHOUSING,3
2023,WAREHOUSING,WHOLESALE,1
2024,WHOLESALE,APPAREL AND FASHION,1
2025,WHOLESALE,BUILDING MATERIALS,1
2026,WHOLESALE,CONSTRUCTION AND ENGINEERING,1
2027,WHOLESALE,DIVERSIFIED CONSUMER SERVICES,2
2028,WHOLESALE,ELECTRICAL EQUIPMENT,1
2029,WHOLESALE,FOOD AND STAPLES RETAILING,1
2030,WHOLESALE,GAS UTILITIES,1
2031,WHOLESALE,HOSPITAL AND HEALTH CARE,1
2032,WHOLESALE,HOUSEHOLD DURABLES,1
2033,WHOLESALE,INDUSTRIAL CONGLOMERATES,2
2034,WHOLESALE,INTERNET SOFTWARE AND SERVICES,1
2035,WHOLESALE,IT SERVICES,1
2036,WHOLESALE,LEISURE PRODUCTS,1
2037,WHOLESALE,MACHINERY,2
2038,WHOLESALE,PHARMACEUTICALS,1
2039,WHOLESALE,RENEWABLE ELECTRICITY,1
2040,WHOLESALE,RETAIL,1
2041,WHOLESALE,SPECIALTY RETAIL,2
2042,WHOLESALE,STAFFING AND RECRUITING,1
2043,WHOLESALE,"TECHNOLOGY HARDWARE, STORAGE AND PERIPHERALS",1
2044,WHOLESALE,"TEXTILES, APPAREL AND LUXURY GOODS",2
2045,WHOLESALE,WAREHOUSING,1
2046,WHOLESALE,WHOLESALE,26
2047,WHOLESALE,WIRELESS TELECOMMUNICATION SERVICES,1
2048,WINE AND SPIRITS,BEVERAGES,2
2049,WINE AND SPIRITS,CAPITAL MARKETS,1
2050,WINE AND SPIRITS,COMMUNICATIONS EQUIPMENT,1
2051,WINE AND SPIRITS,FOOD PRODUCTS,1
2052,WINE AND SPIRITS,INTERNET SOFTWARE AND SERVICES,1
2053,WINE AND SPIRITS,RETAIL,1
2054,WINE AND SPIRITS,WINE AND SPIRITS,9
2055,WIRELESS,COMMUNICATIONS EQUIPMENT,11
2056,WIRELESS,DIVERSIFIED FINANCIAL SERVICES,1
2057,WIRELESS,DIVERSIFIED TELECOMMUNICATION SERVICES,5
2058,WIRELESS,MARINE,1
2059,WIRELESS,MEDIA,1
2060,WIRELESS,PUBLISHING,1
2061,WIRELESS,TRANSPORTATION,1
2062,WIRELESS,WIRELESS,4
2063,WIRELESS,WIRELESS TELECOMMUNICATION SERVICES,14
2064,WRITING AND EDITING,COMMERCIAL SERVICES AND SUPPLIES,1
2065,WRITING AND EDITING,COMMUNICATIONS EQUIPMENT,1
2066,WRITING AND EDITING,EDUCATION SERVICES,1
2067,WRITING AND EDITING,INFORMATION TECHNOLOGY AND SERVICES,1
2068,WRITING AND EDITING,MEDIA,2
2069,WRITING AND EDITING,PHARMACEUTICALS,1
2070,WRITING AND EDITING,PROFESSIONAL SERVICES,1
2071,WRITING AND EDITING,SPECIALIZED CONSUMER SERVICES,1
2072,WRITING AND EDITING,WRITING AND EDITING,1
